LastName;FirstName;PatronymicName;Position;Department
Ситников;Артём;Сергеевич;Микробиолог;Отдел разработки программного обеспечения
Шестаков;Дмитрий;Владиславович;Блоггер;Отдел по закупкам
Николаева;Варвара;Викторовна;Епископ;Управление информационных технологий
Михайлова;Анна;Дмитриевна;Химик-контролер;Участок санитарии и гигиены
Львова;Алиса;Ильинична;Шлифовщик;Группа развития бизнес-приложений
Григорьев;Мирон;Иванович;Брейдер;Производственный участок
Григорьева;Софья;Евгеньевна;Сыровар;Дирекция по производству
Елисеев;Дмитрий;Маркович;Балетмейстер;Производственная служба
Ильина;Вера;Данииловна;Конвоир;Группа прикладной математики
Широкова;Яна;Михайловна;Стоматолог;Управление по продажам
Медведева;Ева;Артёмовна;Продавец;Электротехнический участок
Сухов;Али;Игоревич;Инженер-строитель;Отдел обеспечения оборудованием
Егоров;Тимофей;Ярославович;Упаковщик;Фронт-офис
Окулов;Даниил;Львович;Кинезитерапевт;Служба технического обеспечения
Соколова;Таисия;Тимуровна;Инженер-электрик;Группа контроллинга
Литвинова;София;Семёновна;Режиссёр;Производственная площадка
Власов;Назар;Ильич;Генетик;Отдел электроавтоматики
Авдеева;Марьям;Матвеевна;Расточник;Отдел энергообеспечения
Дубинина;Дарья;Фёдоровна;Физик;Служба главного инженера
Жуков;Михаил;Даниилович;Менеджер;Отдел по качеству
Тихонова;Ксения;Ивановна;Продавец;Отдел разработки программного обеспечения
Симонова;Алина;Романовна;Хлебороб;Отдел по закупкам
Лебедев;Леонид;Тимофеевич;Авиадиспетчер;Отдел по закупкам
Александров;Владимир;Маркович;Фтизиатр;Управление информационных технологий
Селиванов;Демьян;Арсентьевич;Преподаватель;Участок санитарии и гигиены
Селиванов;Максим;Демидович;Фуражир;Группа развития бизнес-приложений
Васильев;Денис;Матвеевич;Дипломат;Производственный участок
Ермолов;Артур;Дмитриевич;Декоратор;Дирекция по производству
Золотарева;Таисия;Петровна;Рефлексотерапевт;Производственная служба
Агафонова;Василиса;Валерьевна;Юрист;Группа прикладной математики
Титова;Дарья;Петровна;Пчеловод;Управление по продажам
Лебедев;Марк;Арсентьевич;Ихтиолог;Электротехнический участок
Котова;Анна;Данииловна;Авиатехник;Отдел обеспечения оборудованием
Максимова;Вероника;Марковна;Коммерческий директор;Фронт-офис
Горбачев;Иван;Максимович;Организатор свадеб;Служба технического обеспечения
Носова;Александра;Лукинична;Киномеханик;Группа контроллинга
Белов;Богдан;Савельевич;Кузнец;Производственная площадка
Соловьева;Виктория;Адамовна;Тележурналист;Отдел электроавтоматики
Игнатова;Мария;Максимовна;Проходчик;Отдел энергообеспечения
Левина;Ксения;Руслановна;Манекенщица;Служба главного инженера
Самойлова;Сабина;Данииловна;Врач УЗ-диагностики;Отдел по качеству
Макарова;Аиша;Александровна;Танатолог;Отдел разработки программного обеспечения
Лавров;Иван;Никитич;Кондитер;Отдел по закупкам
Яковлев;Георгий;Александрович;Танцор;Отдел по закупкам
Майоров;Дмитрий;Арсентьевич;Востоковед;Управление информационных технологий
Жукова;Александра;Артёмовна;Инфекционист;Участок санитарии и гигиены
Павлова;Елизавета;Романовна;Подолог;Группа развития бизнес-приложений
Лобанов;Андрей;Даниэльевич;Иподиакон;Производственный участок
Прохоров;Фёдор;Петрович;Мастер педикюра;Дирекция по производству
Павлов;Константин;Михайлович;Биофизик;Производственная служба
Крюкова;Полина;Михайловна;Астрохимик;Группа прикладной математики
Кузьмин;Ибрагим;Фёдорович;Мусорщик;Управление по продажам
Агеева;Николь;Семёновна;Сталевар;Электротехнический участок
Авдеев;Даниил;Маркович;Кардиохирург;Отдел обеспечения оборудованием
Ильина;Анна;Михайловна;Донкерман;Фронт-офис
Чернышев;Кирилл;Кириллович;Химик;Служба технического обеспечения
Андреева;Элина;Евгеньевна;Официант;Группа контроллинга
Бондарева;Алиса;Тимуровна;Зоотехник;Производственная площадка
Баженов;Егор;Миронович;Бортпроводник;Отдел электроавтоматики
Филиппов;Роман;Иванович;Следователь;Отдел энергообеспечения
Трофимова;Валерия;Матвеевна;Гранатомётчик;Служба главного инженера
Поляков;Дамир;Александрович;Мастер маникюра;Отдел по качеству
Алексеева;Анастасия;Филипповна;Сомнолог;Отдел разработки программного обеспечения
Моисеев;Егор;Всеволодович;Востоковед;Отдел по закупкам
Платонов;Давид;Артёмович;Штурман;Отдел по закупкам
Тихонова;София;Михайловна;Композитор;Управление информационных технологий
Игнатова;Дарья;Сергеевна;Кредитный консультант;Участок санитарии и гигиены
Александрова;Медина;Арсентьевна;Оператор вооружения;Группа развития бизнес-приложений
Кузнецов;Михаил;Арсентьевич;Кассир;Производственный участок
Агеева;Анна;Ильинична;Врач клинической лабораторной диагностики;Дирекция по производству
Козин;Иван;Артёмович;Судебный пристав;Производственная служба
Карасев;Артём;Владиславович;Актуарий;Группа прикладной математики
Березина;Тамара;Саввична;Инженер-лаборант;Управление по продажам
Антонова;Василиса;Леонидовна;Секретчик;Электротехнический участок
Назаров;Мирон;Климович;Миколог;Отдел обеспечения оборудованием
Баранова;Мария;Андреевна;Экспедитор на дальних поездках;Фронт-офис
Усов;Михаил;Родионович;Горнострелок;Служба технического обеспечения
Сорокин;Глеб;Александрович;Дизайнер;Группа контроллинга
Борисова;Валерия;Егоровна;Юрисконсульт;Производственная площадка
Климов;Степан;Григорьевич;Тестировщик;Отдел электроавтоматики
Киселев;Мирон;Богданович;Слесарь-механик;Отдел энергообеспечения
Волков;Александр;Владимирович;Сурдолог;Служба главного инженера
Федорова;Юлия;Максимовна;Лётчик;Отдел по качеству
Киселева;Виктория;Марковна;Фармацевт;Отдел разработки программного обеспечения
Гордеев;Семён;Маркович;Предприниматель;Отдел по закупкам
Петров;Даниил;Александрович;Тыловик;Отдел по закупкам
Лебедев;Даниил;Сергеевич;Лифтёр;Управление информационных технологий
Агафонова;Вероника;Артемьевна;Социолог;Участок санитарии и гигиены
Максимова;Полина;Данииловна;Криптозоолог;Группа развития бизнес-приложений
Ильинская;Мария;Максимовна;Гранатомётчик;Производственный участок
Кузьмина;Вера;Евгеньевна;Уборщик;Дирекция по производству
Андреев;Артём;Иванович;Инженер;Производственная служба
Зуева;Сафия;Марковна;Ортопед;Группа прикладной математики
Анохина;Айлин;Константиновна;Товаровед;Управление по продажам
Алешин;Владислав;Ильич;Огнемётчик;Электротехнический участок
Ершов;Владислав;Егорович;Тренд-вотчер;Отдел обеспечения оборудованием
Шарова;София;Билаловна;Дипломат;Фронт-офис
Нефедов;Денис;Ильич;Мусорщик;Служба технического обеспечения
Кузнецова;Ангелина;Владиславовна;Косметолог;Группа контроллинга
Медведев;Алексей;Иванович;Шахтёр;Производственная площадка
Бородин;Родион;Давидович;Тыловик;Отдел электроавтоматики
Журавлева;Елизавета;Саввична;Гример;Отдел энергообеспечения
Родионов;Павел;Александрович;Правовед;Служба главного инженера
Акимова;Ева;Романовна;Гидролог;Отдел по качеству
Бирюкова;Анна;Александровна;Менеджер по работе с клиентами;Отдел разработки программного обеспечения
Алексеева;Злата;Александровна;Оператор машинного доения;Отдел по закупкам
Юдин;Михаил;Фёдорович;Государственный исполнитель;Отдел по закупкам
Воробьева;Арина;Артёмовна;Инженер-энергетик;Управление информационных технологий
Попов;Фёдор;Богданович;Микробиолог;Участок санитарии и гигиены
Мальцев;Егор;Максимович;Блоггер;Группа развития бизнес-приложений
Басов;Денис;Максимович;Епископ;Производственный участок
Чистякова;Александра;Ильинична;Химик-контролер;Дирекция по производству
Кожевников;Юрий;Иванович;Шлифовщик;Производственная служба
Болдырева;София;Олеговна;Брейдер;Группа прикладной математики
Смирнов;Родион;Григорьевич;Сыровар;Управление по продажам
Дмитриева;Александра;Николаевна;Балетмейстер;Электротехнический участок
Синицына;Мариам;Даниловна;Конвоир;Отдел обеспечения оборудованием
Пономарева;Алина;Романовна;Стоматолог;Фронт-офис
Уткина;Алёна;Мироновна;Продавец;Служба технического обеспечения
Казакова;Анна;Олеговна;Инженер-строитель;Группа контроллинга
Попова;Алёна;Никитична;Упаковщик;Производственная площадка
Григорьев;Руслан;Львович;Кинезитерапевт;Отдел электроавтоматики
Абрамова;Ангелина;Данииловна;Инженер-электрик;Отдел энергообеспечения
Макаров;Михаил;Иванович;Режиссёр;Служба главного инженера
Попова;Ясмина;Романовна;Генетик;Отдел по качеству
Данилов;Илья;Романович;Расточник;Отдел разработки программного обеспечения
Петров;Марк;Юрьевич;Физик;Отдел по закупкам
Михайлов;Даниил;Миронович;Менеджер;Отдел по закупкам
Лапшин;Артём;Савельевич;Продавец;Управление информационных технологий
Воронина;Ксения;Борисовна;Хлебороб;Участок санитарии и гигиены
Титова;Василиса;Давидовна;Авиадиспетчер;Группа развития бизнес-приложений
Кузьмин;Фёдор;Ильич;Фтизиатр;Производственный участок
Хомяков;Мирон;Платонович;Преподаватель;Дирекция по производству
Рыжов;Владимир;Ярославович;Фуражир;Производственная служба
Афанасьева;Таисия;Антоновна;Дипломат;Группа прикладной математики
Семенов;Михаил;Владимирович;Декоратор;Управление по продажам
Дроздова;Арина;Тимофеевна;Рефлексотерапевт;Электротехнический участок
Богданова;Ольга;Михайловна;Юрист;Отдел обеспечения оборудованием
Владимиров;Иван;Иванович;Пчеловод;Фронт-офис
Мартынова;Мила;Александровна;Ихтиолог;Служба технического обеспечения
Мельникова;Таисия;Дамировна;Авиатехник;Группа контроллинга
Козлов;Михаил;Максимович;Коммерческий директор;Производственная площадка
Мельникова;Вера;Алиевна;Организатор свадеб;Отдел электроавтоматики
Ульянов;Иван;Кириллович;Киномеханик;Отдел энергообеспечения
Ильин;Фёдор;Иванович;Кузнец;Служба главного инженера
Герасимов;Максим;Даниилович;Тележурналист;Отдел по качеству
Волкова;Алина;Юрьевна;Проходчик;Отдел разработки программного обеспечения
Мартынова;Елизавета;Сергеевна;Манекенщица;Отдел по закупкам
Васильева;Виктория;Ивановна;Врач УЗ-диагностики;Отдел по закупкам
Матвеева;София;Ивановна;Танатолог;Управление информационных технологий
Дмитриев;Иван;Иванович;Кондитер;Участок санитарии и гигиены
Власов;Степан;Александрович;Танцор;Группа развития бизнес-приложений
Егорова;Мирослава;Фёдоровна;Востоковед;Производственный участок
Кузнецов;Ярослав;Григорьевич;Инфекционист;Дирекция по производству
Панков;Василий;Робертович;Подолог;Производственная служба
Лебедев;Артём;Иванович;Иподиакон;Группа прикладной математики
Алексеев;Константин;Маркович;Мастер педикюра;Управление по продажам
Филимонова;Алиса;Арсентьевна;Биофизик;Электротехнический участок
Титов;Всеволод;Андреевич;Астрохимик;Отдел обеспечения оборудованием
Третьякова;Елизавета;Глебовна;Мусорщик;Фронт-офис
Чеснокова;Диана;Юрьевна;Сталевар;Служба технического обеспечения
Борисов;Платон;Данилович;Кардиохирург;Группа контроллинга
Филатова;Надежда;Егоровна;Донкерман;Производственная площадка
Устинова;Анастасия;Николаевна;Химик;Отдел электроавтоматики
Полякова;Вероника;Арсентьевна;Официант;Отдел энергообеспечения
Сальникова;Дарья;Максимовна;Зоотехник;Служба главного инженера
Горбачев;Лев;Тимофеевич;Бортпроводник;Отдел по качеству
Чернышева;Виктория;Кирилловна;Следователь;Отдел разработки программного обеспечения
Тимофеева;Юлия;Александровна;Гранатомётчик;Отдел по закупкам
Соколова;Ангелина;Ивановна;Мастер маникюра;Отдел по закупкам
Моргунов;Лев;Владиславович;Сомнолог;Управление информационных технологий
Макарова;Сафия;Львовна;Востоковед;Участок санитарии и гигиены
Курочкин;Даниил;Максимович;Штурман;Группа развития бизнес-приложений
Кузина;Дарья;Никитична;Композитор;Производственный участок
Кудряшов;Матвей;Михайлович;Кредитный консультант;Дирекция по производству
Маркова;Таисия;Елисеевна;Оператор вооружения;Производственная служба
Макаров;Георгий;Максимович;Кассир;Группа прикладной математики
Ермаков;Артём;Даниилович;Врач клинической лабораторной диагностики;Управление по продажам
Добрынин;Олег;Викторович;Судебный пристав;Электротехнический участок
Антонов;Олег;Романович;Актуарий;Отдел обеспечения оборудованием
Константинов;Игорь;Дмитриевич;Инженер-лаборант;Фронт-офис
Корнилова;София;Ивановна;Секретчик;Служба технического обеспечения
Ульянов;Никита;Саввич;Миколог;Группа контроллинга
Волкова;Мария;Львовна;Экспедитор на дальних поездках;Производственная площадка
Климов;Константин;Маркович;Горнострелок;Отдел электроавтоматики
Щербаков;Марк;Никитич;Дизайнер;Отдел энергообеспечения
Григорьева;Фатима;Олеговна;Юрисконсульт;Служба главного инженера
Иванова;Мирослава;Леонидовна;Тестировщик;Отдел по качеству
Козлов;Кирилл;Юрьевич;Слесарь-механик;Отдел разработки программного обеспечения
Морозова;Ева;Николаевна;Сурдолог;Отдел по закупкам
Григорьева;Эвелина;Максимовна;Лётчик;Отдел по закупкам
Фомин;Никита;Игоревич;Фармацевт;Управление информационных технологий
Шапошникова;Вероника;Артёмовна;Предприниматель;Участок санитарии и гигиены
Котов;Артемий;Платонович;Тыловик;Группа развития бизнес-приложений
Емельянова;Есения;Артемьевна;Лифтёр;Производственный участок
Иванов;Егор;Кириллович;Социолог;Дирекция по производству
Гусев;Тимофей;Александрович;Криптозоолог;Производственная служба
Соловьев;Ярослав;Миронович;Гранатомётчик;Группа прикладной математики
Смирнова;Ева;Романовна;Уборщик;Управление по продажам
Кузнецова;Николь;Степановна;Инженер;Электротехнический участок
Назаров;Артём;Владиславович;Ортопед;Отдел обеспечения оборудованием
Савельев;Иван;Артёмович;Товаровед;Фронт-офис
Воронин;Григорий;Даниилович;Огнемётчик;Служба технического обеспечения
Андреева;Екатерина;Данииловна;Тренд-вотчер;Группа контроллинга
Воробьев;Богдан;Дмитриевич;Дипломат;Производственная площадка
Чистяков;Михаил;Богданович;Мусорщик;Отдел электроавтоматики
Селиванова;Арина;Михайловна;Косметолог;Отдел энергообеспечения
Лазарева;Анна;Макаровна;Шахтёр;Служба главного инженера
Козлова;Сафия;Степановна;Тыловик;Отдел по качеству
Кожевников;Артём;Демидович;Гример;Отдел разработки программного обеспечения
Соловьев;Андрей;Иванович;Правовед;Отдел по закупкам
Белова;Ульяна;Никитична;Гидролог;Отдел по закупкам
Миронов;Роман;Романович;Менеджер по работе с клиентами;Управление информационных технологий
Егоров;Михаил;Николаевич;Оператор машинного доения;Участок санитарии и гигиены
Назаров;Сергей;Максимович;Государственный исполнитель;Группа развития бизнес-приложений
Долгова;Алиса;Артёмовна;Инженер-энергетик;Производственный участок
Кузнецова;София;Ивановна;Микробиолог;Дирекция по производству
Козин;Дмитрий;Константинович;Блоггер;Производственная служба
Николаев;Даниэль;Антонович;Епископ;Группа прикладной математики
Потапова;Владислава;Ивановна;Химик-контролер;Управление по продажам
Юдина;Анна;Михайловна;Шлифовщик;Электротехнический участок
Давыдова;Вера;Матвеевна;Брейдер;Отдел обеспечения оборудованием
Косарева;Марина;Григорьевна;Сыровар;Фронт-офис
Богданов;Михаил;Ибрагимович;Балетмейстер;Служба технического обеспечения
Соловьев;Владимир;Саввич;Конвоир;Группа контроллинга
Андреева;Диана;Матвеевна;Стоматолог;Производственная площадка
Савельев;Георгий;Лукич;Продавец;Отдел электроавтоматики
Котова;Кристина;Ивановна;Инженер-строитель;Отдел энергообеспечения
Никитин;Владимир;Арсентьевич;Упаковщик;Служба главного инженера
Рыбакова;Есения;Евгеньевна;Кинезитерапевт;Отдел по качеству
Черкасов;Роман;Георгиевич;Инженер-электрик;Отдел разработки программного обеспечения
Журавлев;Платон;Тимофеевич;Режиссёр;Отдел по закупкам
Киселева;Алиса;Сергеевна;Генетик;Отдел по закупкам
Львов;Лев;Львович;Расточник;Управление информационных технологий
Головина;Стефания;Владиславовна;Физик;Участок санитарии и гигиены
Галкин;Иван;Иванович;Менеджер;Группа развития бизнес-приложений
Соловьева;Елизавета;Николаевна;Продавец;Производственный участок
Афанасьева;Дарья;Ильинична;Хлебороб;Дирекция по производству
Абрамов;Дмитрий;Максимович;Авиадиспетчер;Производственная служба
Петухов;Максим;Романович;Фтизиатр;Группа прикладной математики
Яковлева;Елизавета;Львовна;Преподаватель;Управление по продажам
Андрианов;Александр;Эминович;Фуражир;Электротехнический участок
Вишневский;Максим;Саввич;Дипломат;Отдел обеспечения оборудованием
Григорьев;Александр;Маркович;Декоратор;Фронт-офис
Смирнов;Николай;Евгеньевич;Рефлексотерапевт;Служба технического обеспечения
Елисеев;Дмитрий;Максимович;Юрист;Группа контроллинга
Горелов;Александр;Савельевич;Пчеловод;Производственная площадка
Лебедева;Евгения;Алексеевна;Ихтиолог;Отдел электроавтоматики
Григорьев;Михаил;Михайлович;Авиатехник;Отдел энергообеспечения
Кононова;Екатерина;Макаровна;Коммерческий директор;Служба главного инженера
Смирнова;Марьяна;Робертовна;Организатор свадеб;Отдел по качеству
Королева;Вероника;Филипповна;Киномеханик;Отдел разработки программного обеспечения
Кожевникова;Амина;Григорьевна;Кузнец;Отдел по закупкам
Абрамова;Валерия;Егоровна;Тележурналист;Отдел по закупкам
Ларин;Александр;Филиппович;Проходчик;Управление информационных технологий
Воробьева;Татьяна;Никитична;Манекенщица;Участок санитарии и гигиены
Павлова;Валерия;Константиновна;Врач УЗ-диагностики;Группа развития бизнес-приложений
Фомина;Екатерина;Дмитриевна;Танатолог;Производственный участок
Ермолов;Максим;Львович;Кондитер;Дирекция по производству
Майоров;Егор;Иванович;Танцор;Производственная служба
Щербаков;Сергей;Данилович;Востоковед;Группа прикладной математики
Фролов;Руслан;Артёмович;Инфекционист;Управление по продажам
Морозов;Дмитрий;Ильич;Подолог;Электротехнический участок
Власов;Павел;Артёмович;Иподиакон;Отдел обеспечения оборудованием
Волков;Савелий;Евгеньевич;Мастер педикюра;Фронт-офис
Баранова;Аиша;Ильинична;Биофизик;Служба технического обеспечения
Орлов;Степан;Артемьевич;Астрохимик;Группа контроллинга
Федорова;Полина;Гордеевна;Мусорщик;Производственная площадка
Попова;София;Ивановна;Сталевар;Отдел электроавтоматики
Губанов;Никита;Артемьевич;Кардиохирург;Отдел энергообеспечения
Казаков;Адам;Данилович;Донкерман;Служба главного инженера
Малышева;Мия;Максимовна;Химик;Отдел по качеству
Лебедев;Тимур;Павлович;Официант;Отдел разработки программного обеспечения
Горохова;Василиса;Львовна;Зоотехник;Отдел по закупкам
Иванова;Полина;Михайловна;Бортпроводник;Отдел по закупкам
Савельева;Варвара;Степановна;Следователь;Управление информационных технологий
Сальникова;Анна;Анатольевна;Гранатомётчик;Участок санитарии и гигиены
Яковлев;Олег;Демидович;Мастер маникюра;Группа развития бизнес-приложений
Одинцов;Никита;Егорович;Сомнолог;Производственный участок
Иванов;Никита;Максимович;Востоковед;Дирекция по производству
Бобров;Павел;Львович;Штурман;Производственная служба
Покровский;Леонид;Платонович;Композитор;Группа прикладной математики
Гусев;Тимофей;Иванович;Кредитный консультант;Управление по продажам
Назарова;Софья;Михайловна;Оператор вооружения;Электротехнический участок
Бондарева;Дарья;Ильинична;Кассир;Отдел обеспечения оборудованием
Макаров;Артём;Тимофеевич;Врач клинической лабораторной диагностики;Фронт-офис
Чернов;Владимир;Михайлович;Судебный пристав;Служба технического обеспечения
Покровский;Максим;Тимофеевич;Актуарий;Группа контроллинга
Захарова;Милана;Давидовна;Инженер-лаборант;Производственная площадка
Мартынова;Алиса;Алексеевна;Секретчик;Отдел электроавтоматики
Волкова;Алёна;Максимовна;Миколог;Отдел энергообеспечения
Костин;Адам;Евгеньевич;Экспедитор на дальних поездках;Служба главного инженера
Логинов;Ярослав;Романович;Горнострелок;Отдел по качеству
Никонов;Владимир;Робертович;Дизайнер;Отдел разработки программного обеспечения
Смирнов;Руслан;Сергеевич;Юрисконсульт;Отдел по закупкам
Долгова;Мария;Марковна;Тестировщик;Отдел по закупкам
Демидов;Андрей;Борисович;Слесарь-механик;Управление информационных технологий
Яковлев;Роман;Тихонович;Сурдолог;Участок санитарии и гигиены
Селиванова;Злата;Ярославовна;Лётчик;Группа развития бизнес-приложений
Шилов;Арсений;Платонович;Фармацевт;Производственный участок
Баранова;Мария;Родионовна;Предприниматель;Дирекция по производству
Тихонов;Денис;Саввич;Тыловик;Производственная служба
Кузнецова;Валерия;Ярославовна;Лифтёр;Группа прикладной математики
Касаткин;Марк;Иванович;Социолог;Управление по продажам
Полякова;Виктория;Мироновна;Криптозоолог;Электротехнический участок
Столяров;Иван;Андреевич;Гранатомётчик;Отдел обеспечения оборудованием
Поликарпов;Марк;Георгиевич;Уборщик;Фронт-офис
Филиппов;Захар;Тимофеевич;Инженер;Служба технического обеспечения
Иванова;Валерия;Максимовна;Ортопед;Группа контроллинга
Белов;Роман;Даниилович;Товаровед;Производственная площадка
Большакова;Алиса;Эмильевна;Огнемётчик;Отдел электроавтоматики
Зубова;Лейла;Романовна;Тренд-вотчер;Отдел энергообеспечения
Чернышев;Кирилл;Михайлович;Дипломат;Служба главного инженера
Жданова;Вероника;Александровна;Мусорщик;Отдел по качеству
Макеева;Софья;Дамировна;Косметолог;Отдел разработки программного обеспечения
Фирсова;Алиса;Леонидовна;Шахтёр;Отдел по закупкам
Андреев;Тихон;Артемьевич;Тыловик;Отдел по закупкам
Громов;Михаил;Кириллович;Гример;Управление информационных технологий
Никифорова;Алия;Вадимовна;Правовед;Участок санитарии и гигиены
Попов;Максим;Денисович;Гидролог;Группа развития бизнес-приложений
Иванов;Роман;Степанович;Менеджер по работе с клиентами;Производственный участок
Куликов;Илья;Михайлович;Оператор машинного доения;Дирекция по производству
Антонова;Арина;Богдановна;Государственный исполнитель;Производственная служба
Смирнова;Ксения;Ивановна;Инженер-энергетик;Группа прикладной математики
Алексеева;Варвара;Владиславовна;Микробиолог;Управление по продажам
Лаптев;Станислав;Дмитриевич;Блоггер;Электротехнический участок
Исаев;Вячеслав;Романович;Епископ;Отдел обеспечения оборудованием
Волков;Никита;Кириллович;Химик-контролер;Фронт-офис
Петров;Александр;Глебович;Шлифовщик;Служба технического обеспечения
Андрианова;Алия;Ивановна;Брейдер;Группа контроллинга
Степанова;Евгения;Алиевна;Сыровар;Производственная площадка
Шубина;Агния;Леоновна;Балетмейстер;Отдел электроавтоматики
Петухов;Даниил;Демидович;Конвоир;Отдел энергообеспечения
Беспалова;Дарья;Александровна;Стоматолог;Служба главного инженера
Калмыков;Роман;Максимович;Продавец;Отдел по качеству
Грачева;Анна;Егоровна;Инженер-строитель;Отдел разработки программного обеспечения
Булатов;Демид;Глебович;Упаковщик;Отдел по закупкам
Никольская;Кристина;Максимовна;Кинезитерапевт;Отдел по закупкам
Карасева;Кира;Максимовна;Инженер-электрик;Управление информационных технологий
Смирнов;Арсений;Ильич;Режиссёр;Участок санитарии и гигиены
Овсянников;Макар;Давидович;Генетик;Группа развития бизнес-приложений
Вишневская;Софья;Дмитриевна;Расточник;Производственный участок
Моисеева;Агата;Фёдоровна;Физик;Дирекция по производству
Федоров;Захар;Маркович;Менеджер;Производственная служба
Максимов;Илья;Дмитриевич;Продавец;Группа прикладной математики
Павлова;Мирослава;Демидовна;Хлебороб;Управление по продажам
Гусев;Даниил;Тимофеевич;Авиадиспетчер;Электротехнический участок
Воронцова;Яна;Максимовна;Фтизиатр;Отдел обеспечения оборудованием
Булатов;Лев;Львович;Преподаватель;Фронт-офис
Максимова;Сафия;Михайловна;Фуражир;Служба технического обеспечения
Щукин;Сергей;Игоревич;Дипломат;Группа контроллинга
Баранов;Даниил;Дамирович;Декоратор;Производственная площадка
Плотникова;Анна;Григорьевна;Рефлексотерапевт;Отдел электроавтоматики
Максимов;Александр;Маркович;Юрист;Отдел энергообеспечения
Соколова;Ева;Михайловна;Пчеловод;Служба главного инженера
Зимина;Екатерина;Максимовна;Ихтиолог;Отдел по качеству
Козлова;Мария;Данииловна;Авиатехник;Отдел разработки программного обеспечения
Гущин;Максим;Матвеевич;Коммерческий директор;Отдел по закупкам
Иванова;Мария;Давидовна;Организатор свадеб;Отдел по закупкам
Ермаков;Тихон;Владимирович;Киномеханик;Управление информационных технологий
Ефремова;Екатерина;Михайловна;Кузнец;Участок санитарии и гигиены
Тимофеева;Варвара;Алексеевна;Тележурналист;Группа развития бизнес-приложений
Королев;Адам;Васильевич;Проходчик;Производственный участок
Киселев;Павел;Глебович;Манекенщица;Дирекция по производству
Новикова;Ульяна;Тиграновна;Врач УЗ-диагностики;Производственная служба
Мельников;Илья;Даниилович;Танатолог;Группа прикладной математики
Малышев;Иван;Михайлович;Кондитер;Управление по продажам
Воронов;Захар;Владимирович;Танцор;Электротехнический участок
Крылов;Роман;Львович;Востоковед;Отдел обеспечения оборудованием
Соболев;Максим;Артёмович;Инфекционист;Фронт-офис
Захарова;Злата;Ивановна;Подолог;Служба технического обеспечения
Сорокина;Анна;Фёдоровна;Иподиакон;Группа контроллинга
Игнатов;Иван;Фёдорович;Мастер педикюра;Производственная площадка
Сергеева;Арина;Егоровна;Биофизик;Отдел электроавтоматики
Ефимова;Анна;Руслановна;Астрохимик;Отдел энергообеспечения
Дроздова;Елизавета;Романовна;Мусорщик;Служба главного инженера
Тарасов;Матвей;Никитич;Сталевар;Отдел по качеству
Горюнов;Никита;Михайлович;Кардиохирург;Отдел разработки программного обеспечения
Шувалова;Алёна;Яновна;Донкерман;Отдел по закупкам
Литвинова;Алиса;Львовна;Химик;Отдел по закупкам
Шмелев;Даниил;Владимирович;Официант;Управление информационных технологий
Русанова;Елизавета;Артёмовна;Зоотехник;Участок санитарии и гигиены
Крылова;Светлана;Максимовна;Бортпроводник;Группа развития бизнес-приложений
Зуев;Денис;Савельевич;Следователь;Производственный участок
Родионов;Лев;Дмитриевич;Гранатомётчик;Дирекция по производству
Киселева;Кристина;Михайловна;Мастер маникюра;Производственная служба
Бирюков;Константин;Андреевич;Сомнолог;Группа прикладной математики
Попова;София;Максимовна;Востоковед;Управление по продажам
Бородина;Ангелина;Адамовна;Штурман;Электротехнический участок
Кузьмина;Аделина;Тихоновна;Композитор;Отдел обеспечения оборудованием
Григорьева;Алиса;Максимовна;Кредитный консультант;Фронт-офис
Малахова;Арина;Георгиевна;Оператор вооружения;Служба технического обеспечения
Дмитриев;Матвей;Николаевич;Кассир;Группа контроллинга
Волков;Тихон;Константинович;Врач клинической лабораторной диагностики;Производственная площадка
Титов;Егор;Михайлович;Судебный пристав;Отдел электроавтоматики
Аксенова;Анна;Даниловна;Актуарий;Отдел энергообеспечения
Алексеева;Ангелина;Павловна;Инженер-лаборант;Служба главного инженера
Куликов;Яков;Романович;Секретчик;Отдел по качеству
Мухин;Сергей;Тимофеевич;Миколог;Отдел разработки программного обеспечения
Глухов;Дамир;Васильевич;Экспедитор на дальних поездках;Отдел по закупкам
Нечаев;Герман;Григорьевич;Горнострелок;Отдел по закупкам
Демидов;Мирон;Львович;Дизайнер;Управление информационных технологий
Алексеев;Георгий;Маратович;Юрисконсульт;Участок санитарии и гигиены
Попов;Максим;Даниилович;Тестировщик;Группа развития бизнес-приложений
Свиридов;Иван;Михайлович;Слесарь-механик;Производственный участок
Герасимов;Даниэль;Артёмович;Сурдолог;Дирекция по производству
Родионов;Тимофей;Иванович;Лётчик;Производственная служба
Михайлова;Екатерина;Александровна;Фармацевт;Группа прикладной математики
Кузнецова;Камила;Дмитриевна;Предприниматель;Управление по продажам
Масленникова;Ксения;Эмильевна;Тыловик;Электротехнический участок
Федоров;Лев;Егорович;Лифтёр;Отдел обеспечения оборудованием
Литвинова;Мария;Ивановна;Социолог;Фронт-офис
Коновалова;Мия;Михайловна;Криптозоолог;Служба технического обеспечения
Коровин;Илья;Дмитриевич;Гранатомётчик;Группа контроллинга
Смирнов;Михаил;Янович;Уборщик;Производственная площадка
Никифорова;Мария;Тиграновна;Инженер;Отдел электроавтоматики
Тихомирова;Мария;Владимировна;Ортопед;Отдел энергообеспечения
Захарова;Арина;Даниловна;Товаровед;Служба главного инженера
Щербакова;Ульяна;Данииловна;Огнемётчик;Отдел по качеству
Сорокина;Маргарита;Петровна;Тренд-вотчер;Отдел разработки программного обеспечения
Фирсова;Анастасия;Ярославовна;Дипломат;Отдел по закупкам
Новиков;Илья;Лукич;Мусорщик;Отдел по закупкам
Киселев;Захар;Никитич;Косметолог;Управление информационных технологий
Миронова;Ольга;Захаровна;Шахтёр;Участок санитарии и гигиены
Бычкова;Елизавета;Данииловна;Тыловик;Группа развития бизнес-приложений
Жуков;Никита;Родионович;Гример;Производственный участок
Александров;Глеб;Александрович;Правовед;Дирекция по производству
Косарев;Даниил;Фёдорович;Гидролог;Производственная служба
Смирнов;Олег;Артёмович;Менеджер по работе с клиентами;Группа прикладной математики
Воробьев;Георгий;Янович;Оператор машинного доения;Управление по продажам
Бородина;Анна;Андреевна;Государственный исполнитель;Электротехнический участок
Кузьмин;Алексей;Дмитриевич;Инженер-энергетик;Отдел обеспечения оборудованием
Коновалов;Макар;Маратович;Микробиолог;Фронт-офис
Сорокин;Дмитрий;Максимович;Блоггер;Служба технического обеспечения
Ларина;Анна;Арсентьевна;Епископ;Группа контроллинга
Куприянова;Мария;Антоновна;Химик-контролер;Производственная площадка
Орлова;Александра;Кирилловна;Шлифовщик;Отдел электроавтоматики
Алексеева;Нина;Денисовна;Брейдер;Отдел энергообеспечения
Борисов;Кирилл;Тимурович;Сыровар;Служба главного инженера
Калинина;Вера;Никитична;Балетмейстер;Отдел по качеству
Булатов;Артём;Константинович;Конвоир;Отдел разработки программного обеспечения
Михайлов;Давид;Максимович;Стоматолог;Отдел по закупкам
Ермолаев;Николай;Владиславович;Продавец;Отдел по закупкам
Моисеев;Максим;Александрович;Инженер-строитель;Управление информационных технологий
Орлова;Таисия;Михайловна;Упаковщик;Участок санитарии и гигиены
Сазонов;Лев;Максимович;Кинезитерапевт;Группа развития бизнес-приложений
Казакова;Виктория;Андреевна;Инженер-электрик;Производственный участок
Смирнова;Ясмина;Ивановна;Режиссёр;Дирекция по производству
Корчагин;Дмитрий;Давидович;Генетик;Производственная служба
Орехова;Николь;Матвеевна;Расточник;Группа прикладной математики
Вдовина;Елизавета;Артёмовна;Физик;Управление по продажам
Филатова;Полина;Савельевна;Менеджер;Электротехнический участок
Титов;Захар;Тимофеевич;Продавец;Отдел обеспечения оборудованием
Самсонов;Олег;Михайлович;Хлебороб;Фронт-офис
Кудрявцев;Никита;Игоревич;Авиадиспетчер;Служба технического обеспечения
Лобанова;Злата;Артёмовна;Фтизиатр;Группа контроллинга
Соколов;Александр;Алексеевич;Преподаватель;Производственная площадка
Новикова;София;Михайловна;Фуражир;Отдел электроавтоматики
Федоров;Николай;Степанович;Дипломат;Отдел энергообеспечения
Плотников;Артём;Павлович;Декоратор;Служба главного инженера
Пахомова;София;Матвеевна;Рефлексотерапевт;Отдел по качеству
Журавлев;Фёдор;Максимович;Юрист;Отдел разработки программного обеспечения
Алешина;Василиса;Вячеславовна;Пчеловод;Отдел по закупкам
Осипов;Тимофей;Германович;Ихтиолог;Отдел по закупкам
Белов;Степан;Ильич;Авиатехник;Управление информационных технологий
Михеев;Даниил;Даниилович;Коммерческий директор;Участок санитарии и гигиены
Муратова;Ангелина;Николаевна;Организатор свадеб;Группа развития бизнес-приложений
Григорьева;Екатерина;Никитична;Киномеханик;Производственный участок
Егоров;Артём;Александрович;Кузнец;Дирекция по производству
Новиков;Максим;Иванович;Тележурналист;Производственная служба
Андреева;Эмилия;Владимировна;Проходчик;Группа прикладной математики
Панова;Каролина;Глебовна;Манекенщица;Управление по продажам
Козловская;Марьяна;Эмильевна;Врач УЗ-диагностики;Электротехнический участок
Блинова;Кира;Алексеевна;Танатолог;Отдел обеспечения оборудованием
Романова;Анна;Марковна;Кондитер;Фронт-офис
Антонова;Эвелина;Романовна;Танцор;Служба технического обеспечения
Акимов;Эмиль;Матвеевич;Востоковед;Группа контроллинга
Филатова;Камилла;Александровна;Инфекционист;Производственная площадка
Попова;Арина;Данииловна;Подолог;Отдел электроавтоматики
Наумова;Вероника;Михайловна;Иподиакон;Отдел энергообеспечения
Виноградова;Ева;Вячеславовна;Мастер педикюра;Служба главного инженера
Петухов;Александр;Львович;Биофизик;Отдел по качеству
Петрова;Ирина;Данииловна;Астрохимик;Отдел разработки программного обеспечения
Скворцов;Дамир;Матвеевич;Мусорщик;Отдел по закупкам
Кузнецова;Злата;Артёмовна;Сталевар;Отдел по закупкам
Лебедев;Александр;Никитич;Кардиохирург;Управление информационных технологий
Григорьева;Алия;Михайловна;Донкерман;Участок санитарии и гигиены
Чернова;Екатерина;Дмитриевна;Химик;Группа развития бизнес-приложений
Рогова;Любовь;Артёмовна;Официант;Производственный участок
Рябова;Софья;Алексеевна;Зоотехник;Дирекция по производству
Смирнов;Мирон;Александрович;Бортпроводник;Производственная служба
Гаврилова;Алиса;Максимовна;Следователь;Группа прикладной математики
Захарова;София;Даниэльевна;Гранатомётчик;Управление по продажам
Никитин;Руслан;Кириллович;Мастер маникюра;Электротехнический участок
Кузнецова;Ангелина;Артёмовна;Сомнолог;Отдел обеспечения оборудованием
Гуляев;Мирон;Ильич;Востоковед;Фронт-офис
Прохоров;Артём;Артёмович;Штурман;Служба технического обеспечения
Матвеев;Егор;Александрович;Композитор;Группа контроллинга
Петров;Серафим;Максимович;Кредитный консультант;Производственная площадка
Круглов;Ибрагим;Николаевич;Оператор вооружения;Отдел электроавтоматики
Зайцева;Мария;Дмитриевна;Кассир;Отдел энергообеспечения
Чернов;Дмитрий;Михайлович;Врач клинической лабораторной диагностики;Служба главного инженера
Селезнева;Василиса;Константиновна;Судебный пристав;Отдел по качеству
Попова;Мария;Михайловна;Актуарий;Отдел разработки программного обеспечения
Федосеев;Марк;Тимурович;Инженер-лаборант;Отдел по закупкам
Захарова;Татьяна;Тимофеевна;Секретчик;Управление информационных технологий
Юдина;Анна;Алексеевна;Миколог;Участок санитарии и гигиены
Кузнецова;Дарья;Фёдоровна;Экспедитор на дальних поездках;Группа развития бизнес-приложений
Лукьянова;Софья;Кирилловна;Горнострелок;Производственный участок
Федорова;Дарья;Артуровна;Дизайнер;Дирекция по производству
Игнатьева;Майя;Данииловна;Юрисконсульт;Производственная служба
Лапшина;Анастасия;Петровна;Тестировщик;Группа прикладной математики
Беляев;Олег;Фёдорович;Слесарь-механик;Управление по продажам
Сергеева;Василиса;Владимировна;Сурдолог;Электротехнический участок
Емельянов;Иван;Захарович;Лётчик;Отдел обеспечения оборудованием
Беляева;Дарина;Георгиевна;Фармацевт;Фронт-офис
Зорина;Стефания;Константиновна;Предприниматель;Служба технического обеспечения
Павлова;Виктория;Владимировна;Тыловик;Группа контроллинга
Симонова;Алиса;Михайловна;Лифтёр;Производственная площадка
Синицын;Кирилл;Андреевич;Социолог;Отдел электроавтоматики
Новиков;Никита;Петрович;Криптозоолог;Отдел энергообеспечения
Ильин;Святослав;Фёдорович;Гранатомётчик;Служба главного инженера
Иванова;Арина;Ильинична;Уборщик;Отдел по качеству
Пономарев;Арсений;Кириллович;Инженер;Отдел разработки программного обеспечения
Прокофьев;Фёдор;Максимович;Ортопед;Отдел по закупкам
Морозов;Илья;Николаевич;Товаровед;Отдел по закупкам
Казаков;Евгений;Максимович;Огнемётчик;Управление информационных технологий
Белякова;Элина;Саввична;Тренд-вотчер;Участок санитарии и гигиены
Ковалев;Захар;Константинович;Дипломат;Группа развития бизнес-приложений
Барсуков;Николай;Львович;Мусорщик;Производственный участок
Сергеев;Леонид;Константинович;Косметолог;Дирекция по производству
Харитонов;Михаил;Никитич;Шахтёр;Производственная служба
Семенов;Марк;Алексеевич;Тыловик;Группа прикладной математики
Антипов;Мирослав;Платонович;Гример;Управление по продажам
Павлова;Полина;Егоровна;Правовед;Электротехнический участок
Сорокина;Анастасия;Демидовна;Гидролог;Отдел обеспечения оборудованием
Колесников;Платон;Михайлович;Менеджер по работе с клиентами;Фронт-офис
Волошина;Анна;Яковлевна;Оператор машинного доения;Служба технического обеспечения
Новиков;Даниил;Георгиевич;Государственный исполнитель;Группа контроллинга
Трофимов;Михаил;Григорьевич;Инженер-энергетик;Производственная площадка
Антонова;Арина;Романовна;Микробиолог;Отдел электроавтоматики
Данилов;Яков;Лукич;Блоггер;Отдел энергообеспечения
Аксенов;Юрий;Павлович;Епископ;Служба главного инженера
Соловьев;Артём;Артёмович;Химик-контролер;Отдел по качеству
Устинов;Фёдор;Георгиевич;Шлифовщик;Отдел разработки программного обеспечения
Алексеева;София;Филипповна;Брейдер;Отдел по закупкам
Комиссарова;Александра;Романовна;Сыровар;Отдел по закупкам
Субботина;Диана;Николаевна;Балетмейстер;Управление информационных технологий
Минаева;Алиса;Мироновна;Конвоир;Участок санитарии и гигиены
Рудаков;Семён;Владимирович;Стоматолог;Группа развития бизнес-приложений
Соболев;Даниил;Егорович;Продавец;Производственный участок
Павлова;Анна;Михайловна;Инженер-строитель;Дирекция по производству
Ершова;Анна;Никитична;Упаковщик;Производственная служба
Романов;Михаил;Маркович;Кинезитерапевт;Группа прикладной математики
Кириллов;Александр;Васильевич;Инженер-электрик;Управление по продажам
Борисов;Владислав;Андреевич;Режиссёр;Электротехнический участок
Федоров;Даниил;Матвеевич;Генетик;Отдел обеспечения оборудованием
Корнилов;Дмитрий;Иванович;Расточник;Фронт-офис
Антонов;Александр;Кириллович;Физик;Служба технического обеспечения
Фетисов;Иван;Георгиевич;Менеджер;Группа контроллинга
Захарова;Екатерина;Михайловна;Продавец;Производственная площадка
Агафонова;Агата;Михайловна;Хлебороб;Отдел электроавтоматики
Павловская;Вера;Артёмовна;Авиадиспетчер;Отдел энергообеспечения
Ширяева;Мария;Дмитриевна;Фтизиатр;Служба главного инженера
Кузьмин;Иван;Миронович;Преподаватель;Отдел по качеству
Миронов;Даниэль;Сергеевич;Фуражир;Отдел разработки программного обеспечения
Родионова;Мила;Андреевна;Дипломат;Отдел по закупкам
Петрова;Ольга;Дмитриевна;Декоратор;Отдел по закупкам
Кузнецова;Александра;Сергеевна;Рефлексотерапевт;Управление информационных технологий
Громов;Леонид;Тимофеевич;Юрист;Участок санитарии и гигиены
Белов;Макар;Александрович;Пчеловод;Группа развития бизнес-приложений
Елизаров;Максим;Денисович;Ихтиолог;Производственный участок
Мартынова;Аиша;Дмитриевна;Авиатехник;Дирекция по производству
Иванова;Аглая;Матвеевна;Коммерческий директор;Производственная служба
Пономарева;Василиса;Глебовна;Организатор свадеб;Группа прикладной математики
Еремина;Алиса;Максимовна;Киномеханик;Управление по продажам
Александров;Дмитрий;Иванович;Кузнец;Электротехнический участок
Абрамов;Артём;Артёмович;Тележурналист;Отдел обеспечения оборудованием
Тарасов;Адам;Давидович;Проходчик;Фронт-офис
Гончарова;Софья;Никитична;Манекенщица;Служба технического обеспечения
Васильев;Кирилл;Михайлович;Врач УЗ-диагностики;Группа контроллинга
Пантелеев;Константин;Львович;Танатолог;Производственная площадка
Суслов;Павел;Александрович;Кондитер;Отдел электроавтоматики
Троицкая;Майя;Артёмовна;Танцор;Отдел энергообеспечения
Смирнов;Владислав;Иванович;Востоковед;Служба главного инженера
Колпакова;Виктория;Даниэльевна;Инфекционист;Отдел по качеству
Лебедева;Серафима;Викторовна;Подолог;Отдел разработки программного обеспечения
Петухов;Ярослав;Глебович;Иподиакон;Отдел по закупкам
Афанасьев;Арсений;Дмитриевич;Мастер педикюра;Отдел по закупкам
Богданова;Анастасия;Артёмовна;Биофизик;Управление информационных технологий
Жданова;Василиса;Максимовна;Астрохимик;Участок санитарии и гигиены
Артамонов;Никита;Демидович;Мусорщик;Группа развития бизнес-приложений
Быков;Макар;Алексеевич;Сталевар;Производственный участок
Соколова;Василиса;Савельевна;Кардиохирург;Дирекция по производству
Морозов;Дмитрий;Михайлович;Донкерман;Производственная служба
Богданова;Мария;Георгиевна;Химик;Группа прикладной математики
Никитина;Татьяна;Александровна;Официант;Управление по продажам
Ермолов;Георгий;Александрович;Зоотехник;Электротехнический участок
Воронцов;Артём;Никитич;Бортпроводник;Отдел обеспечения оборудованием
Боброва;Алёна;Андреевна;Следователь;Фронт-офис
Калинина;Василиса;Егоровна;Гранатомётчик;Служба технического обеспечения
Фролова;Ульяна;Владиславовна;Мастер маникюра;Группа контроллинга
Михайлов;Али;Алексеевич;Сомнолог;Производственная площадка
Носов;Борис;Артёмович;Востоковед;Отдел электроавтоматики
Калинин;Тимофей;Викторович;Штурман;Отдел энергообеспечения
Наумов;Даниил;Степанович;Композитор;Служба главного инженера
Лукьянова;Стефания;Елисеевна;Кредитный консультант;Отдел по качеству
Дроздова;Алиса;Марковна;Оператор вооружения;Отдел разработки программного обеспечения
Голубева;Марьям;Богдановна;Кассир;Отдел по закупкам
Мещерякова;Анна;Романовна;Врач клинической лабораторной диагностики;Отдел по закупкам
Агеева;Стефания;Данииловна;Судебный пристав;Управление информационных технологий
Попова;Вероника;Яковлевна;Актуарий;Участок санитарии и гигиены
Николаева;Евгения;Арсентьевна;Инженер-лаборант;Группа развития бизнес-приложений
Ушакова;Есения;Львовна;Секретчик;Производственный участок
Быков;Алексей;Артёмович;Миколог;Дирекция по производству
Ковалева;Валерия;Максимовна;Экспедитор на дальних поездках;Производственная служба
Кудряшов;Максим;Дмитриевич;Горнострелок;Группа прикладной математики
Андрианов;Андрей;Александрович;Дизайнер;Управление по продажам
Журавлева;Мария;Фёдоровна;Юрисконсульт;Электротехнический участок
Вавилова;Виктория;Егоровна;Тестировщик;Отдел обеспечения оборудованием
Прохорова;Алиса;Филипповна;Слесарь-механик;Фронт-офис
Баранова;Татьяна;Олеговна;Сурдолог;Служба технического обеспечения
Егоров;Максим;Михайлович;Лётчик;Группа контроллинга
Минаева;Валерия;Александровна;Фармацевт;Производственная площадка
Агеев;Никита;Ярославович;Предприниматель;Отдел электроавтоматики
Павлова;Анна;Дмитриевна;Тыловик;Отдел энергообеспечения
Кузьмин;Святослав;Даниилович;Лифтёр;Служба главного инженера
Короткова;Виктория;Владиславовна;Социолог;Отдел по качеству
Быков;Степан;Матвеевич;Криптозоолог;Отдел разработки программного обеспечения
Потапов;Александр;Миронович;Гранатомётчик;Отдел по закупкам
Никитина;Мария;Кирилловна;Уборщик;Отдел по закупкам
Николаев;Михаил;Андреевич;Инженер;Управление информационных технологий
Алексеева;Софья;Степановна;Ортопед;Участок санитарии и гигиены
Соколова;Мария;Артемьевна;Товаровед;Группа развития бизнес-приложений
Воробьева;Эмилия;Арсентьевна;Огнемётчик;Производственный участок
Антипова;Виктория;Фёдоровна;Тренд-вотчер;Дирекция по производству
Максимова;Кира;Антоновна;Дипломат;Производственная служба
Селезнев;Дамир;Глебович;Мусорщик;Группа прикладной математики
Николаев;Давид;Филиппович;Косметолог;Управление по продажам
Воробьев;Михаил;Владимирович;Шахтёр;Электротехнический участок
Степанова;Анна;Григорьевна;Тыловик;Отдел обеспечения оборудованием
Ушакова;Дарья;Александровна;Гример;Фронт-офис
Копылов;Серафим;Арсентьевич;Правовед;Служба технического обеспечения
Москвин;Данила;Дмитриевич;Гидролог;Группа контроллинга
Орлов;Даниил;Эмильевич;Менеджер по работе с клиентами;Производственная площадка
Гаврилов;Тимофей;Николаевич;Оператор машинного доения;Отдел электроавтоматики
Александрова;Таисия;Кирилловна;Государственный исполнитель;Отдел энергообеспечения
Дьяконова;Арина;Всеволодовна;Инженер-энергетик;Служба главного инженера
Овчинников;Демид;Степанович;Микробиолог;Отдел по качеству
Петрова;Ариана;Евгеньевна;Блоггер;Отдел разработки программного обеспечения
Петров;Егор;Матвеевич;Епископ;Отдел по закупкам
Богданова;Кристина;Константиновна;Химик-контролер;Отдел по закупкам
Лебедев;Георгий;Егорович;Шлифовщик;Управление информационных технологий
Васильев;Артём;Георгиевич;Брейдер;Участок санитарии и гигиены
Соколова;Варвара;Максимовна;Сыровар;Группа развития бизнес-приложений
Скворцова;Арина;Леонидовна;Балетмейстер;Производственный участок
Киселев;Даниил;Михайлович;Конвоир;Дирекция по производству
Гаврилова;Ева;Семёновна;Стоматолог;Производственная служба
Моисеев;Мирон;Романович;Продавец;Группа прикладной математики
Смирнов;Максим;Артемьевич;Инженер-строитель;Управление по продажам
Ефимов;Ярослав;Максимович;Упаковщик;Электротехнический участок
Пирогова;Валерия;Юрьевна;Кинезитерапевт;Отдел обеспечения оборудованием
Черкасова;Елизавета;Алексеевна;Инженер-электрик;Фронт-офис
Егоров;Виктор;Даниилович;Режиссёр;Служба технического обеспечения
Куликов;Ярослав;Михайлович;Генетик;Группа контроллинга
Тарасова;Мария;Романовна;Расточник;Производственная площадка
Попова;Алиса;Фёдоровна;Физик;Отдел электроавтоматики
Павлова;Алиса;Александровна;Менеджер;Отдел энергообеспечения
Савин;Дмитрий;Максимович;Продавец;Служба главного инженера
Александрова;Ясмина;Максимовна;Хлебороб;Отдел по качеству
Иванова;София;Юрьевна;Авиадиспетчер;Отдел разработки программного обеспечения
Гаврилов;Лев;Семёнович;Фтизиатр;Отдел по закупкам
Колесников;Матвей;Артёмович;Преподаватель;Отдел по закупкам
Панов;Демид;Романович;Фуражир;Управление информационных технологий
Смирнова;Мария;Данииловна;Дипломат;Участок санитарии и гигиены
Владимирова;Милана;Дмитриевна;Декоратор;Группа развития бизнес-приложений
Фадеева;Ангелина;Романовна;Рефлексотерапевт;Производственный участок
Карасева;Анна;Тимуровна;Юрист;Дирекция по производству
Розанова;Варвара;Матвеевна;Пчеловод;Производственная служба
Смирнова;Марина;Алексеевна;Ихтиолог;Группа прикладной математики
Симонова;Валерия;Артёмовна;Авиатехник;Управление по продажам
Васильев;Ярослав;Александрович;Коммерческий директор;Электротехнический участок
Черняев;Елисей;Олегович;Организатор свадеб;Отдел обеспечения оборудованием
Мельникова;Евгения;Данииловна;Киномеханик;Фронт-офис
Сомов;Артур;Миронович;Кузнец;Служба технического обеспечения
Худякова;Марта;Алексеевна;Тележурналист;Группа контроллинга
Королева;Юлия;Алексеевна;Проходчик;Производственная площадка
Матвеева;Мия;Данииловна;Манекенщица;Отдел электроавтоматики
Сидоров;Иван;Макарович;Врач УЗ-диагностики;Отдел энергообеспечения
Горелов;Макар;Максимович;Танатолог;Служба главного инженера
Федорова;Амина;Дмитриевна;Кондитер;Отдел по качеству
Новиков;Николай;Максимович;Танцор;Отдел разработки программного обеспечения
Фадеев;Дмитрий;Даниилович;Востоковед;Отдел по закупкам
Абрамов;Михаил;Дмитриевич;Инфекционист;Отдел по закупкам
Ковалева;Лада;Вячеславовна;Подолог;Управление информационных технологий
Семенова;Кира;Марковна;Иподиакон;Участок санитарии и гигиены
Павлов;Герман;Андреевич;Мастер педикюра;Группа развития бизнес-приложений
Миронова;Анастасия;Алексеевна;Биофизик;Производственный участок
Кузнецов;Руслан;Максимович;Астрохимик;Дирекция по производству
Овчинников;Илья;Дмитриевич;Мусорщик;Производственная служба
Соколова;Арина;Никитична;Сталевар;Группа прикладной математики
Белкин;Роман;Глебович;Кардиохирург;Управление по продажам
Соболев;Захар;Львович;Донкерман;Электротехнический участок
Воробьев;Артём;Филиппович;Химик;Отдел обеспечения оборудованием
Абрамова;Амелия;Михайловна;Официант;Фронт-офис
Андреева;Таисия;Александровна;Зоотехник;Служба технического обеспечения
Матвеев;Арсений;Игоревич;Бортпроводник;Группа контроллинга
Леонтьева;Мила;Марковна;Следователь;Производственная площадка
Чесноков;Фёдор;Артёмович;Гранатомётчик;Отдел электроавтоматики
Крюкова;Аделина;Егоровна;Мастер маникюра;Отдел энергообеспечения
Майорова;Мария;Ярославовна;Сомнолог;Служба главного инженера
Никитин;Александр;Артёмович;Востоковед;Отдел по качеству
Селезнева;Маргарита;Тимофеевна;Штурман;Отдел разработки программного обеспечения
Колесников;Алексей;Георгиевич;Композитор;Отдел по закупкам
Попов;Алексей;Михайлович;Кредитный консультант;Отдел по закупкам
Кравцова;Анастасия;Григорьевна;Оператор вооружения;Управление информационных технологий
Андреев;Святослав;Викторович;Кассир;Участок санитарии и гигиены
Осипова;Анастасия;Тимофеевна;Врач клинической лабораторной диагностики;Группа развития бизнес-приложений
Сорокин;Давид;Владимирович;Судебный пристав;Производственный участок
Рожков;Дмитрий;Степанович;Актуарий;Дирекция по производству
Афанасьева;Арина;Дмитриевна;Инженер-лаборант;Производственная служба
Смирнова;Анастасия;Александровна;Секретчик;Группа прикладной математики
Баранова;Ксения;Петровна;Миколог;Управление по продажам
Широкова;Ульяна;Львовна;Экспедитор на дальних поездках;Электротехнический участок
Зубова;Мария;Даниэльевна;Горнострелок;Отдел обеспечения оборудованием
Михайлова;Виктория;Владимировна;Дизайнер;Фронт-офис
Носков;Иван;Русланович;Юрисконсульт;Служба технического обеспечения
Суворова;Майя;Павловна;Тестировщик;Группа контроллинга
Михайлова;Анна;Давидовна;Слесарь-механик;Производственная площадка
Яковлева;Арина;Михайловна;Сурдолог;Отдел электроавтоматики
Коротков;Даниил;Артёмович;Лётчик;Отдел энергообеспечения
Григорьева;Полина;Дмитриевна;Фармацевт;Служба главного инженера
Дьяков;Лев;Степанович;Предприниматель;Отдел по качеству
Максимова;Ева;Никитична;Тыловик;Отдел разработки программного обеспечения
Озерова;Ангелина;Макаровна;Лифтёр;Отдел по закупкам
Герасимов;Фёдор;Георгиевич;Социолог;Отдел по закупкам
Мальцев;Роман;Миронович;Криптозоолог;Управление информационных технологий
Денисова;Екатерина;Денисовна;Гранатомётчик;Участок санитарии и гигиены
Ермакова;Ева;Александровна;Уборщик;Группа развития бизнес-приложений
Селиванов;Матвей;Арсентьевич;Инженер;Производственный участок
Назаров;Платон;Даниилович;Ортопед;Дирекция по производству
Смирнов;Андрей;Дмитриевич;Товаровед;Производственная служба
Любимова;Елизавета;Дмитриевна;Огнемётчик;Группа прикладной математики
Попов;Фёдор;Михайлович;Тренд-вотчер;Управление по продажам
Севастьянова;Анастасия;Павловна;Дипломат;Электротехнический участок
Казаков;Андрей;Арсентьевич;Мусорщик;Отдел обеспечения оборудованием
Малышева;Анна;Антоновна;Косметолог;Фронт-офис
Коновалова;Елизавета;Михайловна;Шахтёр;Служба технического обеспечения
Игнатьева;Ярослава;Артёмовна;Тыловик;Группа контроллинга
Краснова;Елизавета;Матвеевна;Гример;Производственная площадка
Ефимова;Ева;Олеговна;Правовед;Отдел электроавтоматики
Горячева;Арина;Михайловна;Гидролог;Отдел энергообеспечения
Покровский;Алексей;Егорович;Менеджер по работе с клиентами;Служба главного инженера
Фролов;Глеб;Михайлович;Оператор машинного доения;Отдел по качеству
Богомолов;Леонид;Артёмович;Государственный исполнитель;Отдел разработки программного обеспечения
Смирнова;Агата;Руслановна;Инженер-энергетик;Отдел по закупкам
Трифонов;Станислав;Андреевич;Микробиолог;Отдел по закупкам
Петрова;Эмилия;Ильинична;Блоггер;Управление информационных технологий
Кузнецова;Василиса;Юрьевна;Епископ;Участок санитарии и гигиены
Шевцова;Анастасия;Филипповна;Химик-контролер;Группа развития бизнес-приложений
Орлова;Агата;Романовна;Шлифовщик;Производственный участок
Маркелов;Михаил;Максимович;Брейдер;Дирекция по производству
Волкова;Екатерина;Платоновна;Сыровар;Производственная служба
Хромова;Зоя;Артёмовна;Балетмейстер;Группа прикладной математики
Еремин;Дмитрий;Викторович;Конвоир;Управление по продажам
Пономарева;Серафима;Никитична;Стоматолог;Электротехнический участок
Горбунов;Артур;Егорович;Продавец;Отдел обеспечения оборудованием
Никифоров;Тимофей;Павлович;Инженер-строитель;Фронт-офис
Зуева;Евгения;Артёмовна;Упаковщик;Служба технического обеспечения
Герасимова;София;Дмитриевна;Кинезитерапевт;Группа контроллинга
Козлов;Михаил;Даниилович;Инженер-электрик;Производственная площадка
Коновалов;Василий;Тимофеевич;Режиссёр;Отдел электроавтоматики
Волков;Всеволод;Георгиевич;Генетик;Отдел энергообеспечения
Филиппов;Марк;Тимофеевич;Расточник;Служба главного инженера
Матвеев;Константин;Кириллович;Физик;Отдел по качеству
Смирнова;Софья;Романовна;Менеджер;Отдел разработки программного обеспечения
Фомин;Матвей;Львович;Продавец;Отдел по закупкам
Виноградова;Анна;Вадимовна;Хлебороб;Отдел по закупкам
Фомина;Ульяна;Александровна;Авиадиспетчер;Управление информационных технологий
Федоров;Илья;Даниэльевич;Фтизиатр;Участок санитарии и гигиены
Левин;Семён;Никитич;Преподаватель;Группа развития бизнес-приложений
Семенова;Фатима;Михайловна;Фуражир;Производственный участок
Парфенова;Ева;Петровна;Дипломат;Дирекция по производству
Климов;Николай;Иванович;Декоратор;Производственная служба
Завьялов;Егор;Григорьевич;Рефлексотерапевт;Группа прикладной математики
Емельянов;Григорий;Максимович;Юрист;Управление по продажам
Мальцева;Антонина;Ярославовна;Пчеловод;Электротехнический участок
Румянцева;Алина;Артёмовна;Ихтиолог;Отдел обеспечения оборудованием
Фомин;Макар;Дмитриевич;Авиатехник;Фронт-офис
Литвинов;Егор;Степанович;Коммерческий директор;Служба технического обеспечения
Нечаев;Георгий;Кириллович;Организатор свадеб;Группа контроллинга
Яковлева;Владислава;Игоревна;Киномеханик;Производственная площадка
Козлов;Михаил;Алексеевич;Кузнец;Отдел электроавтоматики
Борисова;Анастасия;Владимировна;Тележурналист;Отдел энергообеспечения
Белова;Вероника;Львовна;Проходчик;Служба главного инженера
Кузьмина;Алиса;Александровна;Манекенщица;Отдел по качеству
Овчинникова;Ульяна;Кирилловна;Врач УЗ-диагностики;Отдел разработки программного обеспечения
Медведева;Полина;Дмитриевна;Танатолог;Отдел по закупкам
Баранов;Павел;Тимофеевич;Кондитер;Отдел по закупкам
Бочарова;Анна;Алексеевна;Танцор;Управление информационных технологий
Соколов;Кирилл;Михайлович;Востоковед;Участок санитарии и гигиены
Новиков;Фёдор;Никитич;Инфекционист;Группа развития бизнес-приложений
Сергеев;Владислав;Даниилович;Подолог;Производственный участок
Царев;Тимофей;Григорьевич;Иподиакон;Дирекция по производству
Пономарев;Эмиль;Андреевич;Мастер педикюра;Производственная служба
Гришин;Максим;Анатольевич;Биофизик;Группа прикладной математики
Гаврилов;Ярослав;Андреевич;Астрохимик;Управление по продажам
Копылов;Иван;Иванович;Мусорщик;Электротехнический участок
Горбунов;Егор;Максимович;Сталевар;Отдел обеспечения оборудованием
Миронова;Екатерина;Дмитриевна;Кардиохирург;Фронт-офис
Богомолова;Алина;Марковна;Донкерман;Служба технического обеспечения
Осипова;Елизавета;Михайловна;Химик;Группа контроллинга
Дубинин;Григорий;Фёдорович;Официант;Производственная площадка
Гусева;Мира;Матвеевна;Зоотехник;Отдел электроавтоматики
Архипова;Ульяна;Денисовна;Бортпроводник;Отдел энергообеспечения
Безрукова;Маргарита;Николаевна;Следователь;Служба главного инженера
Григорьев;Всеволод;Павлович;Гранатомётчик;Отдел по качеству
Смирнов;Александр;Сергеевич;Мастер маникюра;Отдел разработки программного обеспечения
Калашников;Даниил;Михайлович;Сомнолог;Отдел по закупкам
Назаров;Марк;Эмильевич;Востоковед;Отдел по закупкам
Севастьянова;Пелагея;Егоровна;Штурман;Управление информационных технологий
Рожкова;Арина;Ивановна;Композитор;Участок санитарии и гигиены
Савицкий;Демид;Михайлович;Кредитный консультант;Группа развития бизнес-приложений
Судакова;Екатерина;Максимовна;Оператор вооружения;Производственный участок
Киселев;Святослав;Данилович;Кассир;Дирекция по производству
Белова;Диана;Владиславовна;Врач клинической лабораторной диагностики;Производственная служба
Панина;Арина;Лукинична;Судебный пристав;Группа прикладной математики
Голубева;Анна;Михайловна;Актуарий;Управление по продажам
Туманова;Вероника;Михайловна;Инженер-лаборант;Электротехнический участок
Чернов;Павел;Платонович;Секретчик;Отдел обеспечения оборудованием
Панин;Ярослав;Викторович;Миколог;Фронт-офис
Марков;Артём;Александрович;Экспедитор на дальних поездках;Служба технического обеспечения
Маслова;Татьяна;Тимофеевна;Горнострелок;Группа контроллинга
Лопатина;Анна;Константиновна;Дизайнер;Производственная площадка
Киселев;Максим;Денисович;Юрисконсульт;Отдел электроавтоматики
Кузьмин;Никита;Глебович;Тестировщик;Отдел энергообеспечения
Михеева;Дарья;Глебовна;Слесарь-механик;Служба главного инженера
Елизаров;Глеб;Даниэльевич;Сурдолог;Отдел по качеству
Алексеев;Илья;Никитич;Лётчик;Отдел разработки программного обеспечения
Нефедов;Александр;Тимофеевич;Фармацевт;Отдел по закупкам
Титова;Анна;Матвеевна;Предприниматель;Отдел по закупкам
Чеснокова;Дарья;Гордеевна;Тыловик;Управление информационных технологий
Селезнева;Василиса;Глебовна;Лифтёр;Участок санитарии и гигиены
Николаев;Никита;Ярославович;Социолог;Группа развития бизнес-приложений
Голубева;Екатерина;Максимовна;Криптозоолог;Производственный участок
Антонова;Дарья;Павловна;Гранатомётчик;Дирекция по производству
Устинова;Вероника;Филипповна;Уборщик;Производственная служба
Сахаров;Захар;Максимович;Инженер;Группа прикладной математики
Фирсов;Илья;Максимович;Ортопед;Управление по продажам
Беликова;Анна;Артёмовна;Товаровед;Электротехнический участок
Филиппов;Давид;Ильич;Огнемётчик;Отдел обеспечения оборудованием
Федорова;Амалия;Леонидовна;Тренд-вотчер;Фронт-офис
Маркова;Эмилия;Александровна;Дипломат;Служба технического обеспечения
Алешин;Артемий;Артёмович;Мусорщик;Группа контроллинга
Гордеев;Роман;Фёдорович;Косметолог;Производственная площадка
Горюнова;Майя;Глебовна;Шахтёр;Отдел электроавтоматики
Казакова;Ева;Сергеевна;Тыловик;Отдел энергообеспечения
Ситникова;Милана;Владиславовна;Гример;Служба главного инженера
Артемов;Владимир;Маркович;Правовед;Отдел по качеству
Фролов;Пётр;Глебович;Гидролог;Отдел разработки программного обеспечения
Мухина;Ева;Васильевна;Менеджер по работе с клиентами;Отдел по закупкам
Александров;Артём;Даниилович;Оператор машинного доения;Отдел по закупкам
Гусева;Анастасия;Арсентьевна;Государственный исполнитель;Управление информационных технологий
Филиппова;Эмилия;Романовна;Инженер-энергетик;Участок санитарии и гигиены
Шестакова;Алиса;Даниэльевна;Микробиолог;Группа развития бизнес-приложений
Савельева;Виктория;Святославовна;Блоггер;Производственный участок
Никонов;Иван;Матвеевич;Епископ;Дирекция по производству
Данилов;Родион;Александрович;Химик-контролер;Производственная служба
Герасимов;Иван;Алексеевич;Шлифовщик;Группа прикладной математики
Золотов;Дмитрий;Владиславович;Брейдер;Управление по продажам
Царев;Павел;Юрьевич;Сыровар;Электротехнический участок
Аксенов;Тимофей;Даниилович;Балетмейстер;Отдел обеспечения оборудованием
Громов;Михаил;Давидович;Конвоир;Фронт-офис
Овчинников;Максим;Владиславович;Стоматолог;Служба технического обеспечения
Козырева;Анна;Львовна;Продавец;Группа контроллинга
Мешкова;Софья;Матвеевна;Инженер-строитель;Производственная площадка
Орлова;Мария;Макаровна;Упаковщик;Отдел электроавтоматики
Захарова;Диана;Марковна;Кинезитерапевт;Отдел энергообеспечения
Шарова;София;Захаровна;Инженер-электрик;Служба главного инженера
Дементьев;Михаил;Даниилович;Режиссёр;Отдел по качеству
Степанов;Лука;Тимофеевич;Генетик;Отдел разработки программного обеспечения
Краснов;Артём;Тимурович;Расточник;Отдел по закупкам
Лебедева;Кира;Ярославовна;Физик;Отдел по закупкам
Иванов;Антон;Егорович;Менеджер;Управление информационных технологий
Кузьмин;Даниил;Владимирович;Продавец;Участок санитарии и гигиены
Иванова;Ксения;Арсентьевна;Хлебороб;Группа развития бизнес-приложений
Смирнова;Анна;Глебовна;Авиадиспетчер;Производственный участок
Семенова;Варвара;Степановна;Фтизиатр;Дирекция по производству
Белоусов;Егор;Артёмович;Преподаватель;Производственная служба
Воробьев;Ярослав;Даниилович;Фуражир;Группа прикладной математики
Власова;Анна;Романовна;Дипломат;Управление по продажам
Попов;Максим;Матвеевич;Декоратор;Электротехнический участок
Гаврилова;Амина;Максимовна;Рефлексотерапевт;Отдел обеспечения оборудованием
Юдин;Александр;Тимофеевич;Юрист;Фронт-офис
Нечаев;Георгий;Даниилович;Пчеловод;Служба технического обеспечения
Лапина;Валерия;Тимофеевна;Ихтиолог;Группа контроллинга
Емельянова;Василиса;Платоновна;Авиатехник;Производственная площадка
Богданова;Алиса;Кирилловна;Коммерческий директор;Отдел электроавтоматики
Тимофеева;Кристина;Михайловна;Организатор свадеб;Отдел энергообеспечения
Смирнов;Адам;Александрович;Киномеханик;Служба главного инженера
Белякова;Василиса;Ибрагимовна;Кузнец;Отдел по качеству
Соловьев;Иван;Артёмович;Тележурналист;Отдел разработки программного обеспечения
Кочетков;Вячеслав;Львович;Проходчик;Отдел по закупкам
Федотова;Ева;Данииловна;Манекенщица;Отдел по закупкам
Павлов;Владимир;Дмитриевич;Врач УЗ-диагностики;Управление информационных технологий
Сергеева;Аяна;Серафимовна;Танатолог;Участок санитарии и гигиены
Александров;Максим;Платонович;Кондитер;Группа развития бизнес-приложений
Минин;Арсений;Евгеньевич;Танцор;Производственный участок
Гончаров;Роман;Макарович;Востоковед;Дирекция по производству
Тихомирова;Анна;Макаровна;Инфекционист;Производственная служба
Егорова;Алиса;Павловна;Подолог;Группа прикладной математики
Вавилов;Тимофей;Львович;Иподиакон;Управление по продажам
Мартынова;Полина;Алиевна;Мастер педикюра;Электротехнический участок
Крылова;Екатерина;Макаровна;Биофизик;Отдел обеспечения оборудованием
Васильева;Лада;Александровна;Астрохимик;Фронт-офис
Зубкова;Полина;Руслановна;Мусорщик;Служба технического обеспечения
Малышева;Екатерина;Мироновна;Сталевар;Группа контроллинга
Кузнецова;Вера;Глебовна;Кардиохирург;Производственная площадка
Крюков;Матвей;Робертович;Донкерман;Отдел электроавтоматики
Кузнецова;Юлия;Дмитриевна;Химик;Отдел энергообеспечения
Иванова;Алиса;Данииловна;Официант;Служба главного инженера
Головина;Ксения;Николаевна;Зоотехник;Отдел по качеству
Логинова;Полина;Фёдоровна;Бортпроводник;Отдел разработки программного обеспечения
Семенова;Ульяна;Арсентьевна;Следователь;Отдел по закупкам
Шишкин;Егор;Владимирович;Гранатомётчик;Отдел по закупкам
Воробьева;Вероника;Олеговна;Мастер маникюра;Управление информационных технологий
Борисов;Николай;Платонович;Сомнолог;Участок санитарии и гигиены
Смирнова;Екатерина;Александровна;Востоковед;Группа развития бизнес-приложений
Тарасова;Юлия;Глебовна;Штурман;Производственный участок
Фомин;Али;Львович;Композитор;Дирекция по производству
Костин;Иван;Артёмович;Кредитный консультант;Производственная служба
Троицкий;Мирослав;Алексеевич;Оператор вооружения;Группа прикладной математики
Еремин;Максим;Павлович;Кассир;Управление по продажам
Коршунова;Анна;Ярославовна;Врач клинической лабораторной диагностики;Электротехнический участок
Виноградов;Ярослав;Иванович;Судебный пристав;Отдел обеспечения оборудованием
Савицкий;Даниил;Ярославович;Актуарий;Фронт-офис
Титова;Виктория;Анатольевна;Инженер-лаборант;Служба технического обеспечения
Васильев;Павел;Максимович;Секретчик;Группа контроллинга
Агеев;Макар;Михайлович;Миколог;Производственная площадка
Шевцова;Елизавета;Макаровна;Экспедитор на дальних поездках;Отдел электроавтоматики
Рябова;Арина;Артёмовна;Горнострелок;Отдел энергообеспечения
Борисов;Максим;Платонович;Дизайнер;Служба главного инженера
Воронцов;Лука;Фёдорович;Юрисконсульт;Отдел по качеству
Лавров;Александр;Германович;Тестировщик;Отдел разработки программного обеспечения
Лебедева;Валерия;Александровна;Слесарь-механик;Отдел по закупкам
Орлов;Семён;Яковлевич;Сурдолог;Отдел по закупкам
Воробьева;Виктория;Платоновна;Лётчик;Управление информационных технологий
Соколов;Роман;Иванович;Фармацевт;Участок санитарии и гигиены
Овчинников;Владимир;Александрович;Предприниматель;Группа развития бизнес-приложений
Денисов;Никита;Артёмович;Тыловик;Производственный участок
Кондратова;Александра;Саввична;Лифтёр;Дирекция по производству
Леонов;Мирон;Давидович;Социолог;Производственная служба
Бочарова;Ксения;Арсентьевна;Криптозоолог;Группа прикладной математики
Фомина;Ксения;Ивановна;Гранатомётчик;Управление по продажам
Лебедева;Анна;Львовна;Уборщик;Электротехнический участок
Исаков;Лев;Сергеевич;Инженер;Отдел обеспечения оборудованием
Зайцева;Виктория;Германовна;Ортопед;Фронт-офис
Макаров;Иван;Лукич;Товаровед;Служба технического обеспечения
Большакова;Олеся;Дмитриевна;Огнемётчик;Группа контроллинга
Захарова;Александра;Артёмовна;Тренд-вотчер;Производственная площадка
Медведев;Семён;Александрович;Дипломат;Отдел электроавтоматики
Зотов;Григорий;Маркович;Мусорщик;Отдел энергообеспечения
Иванов;Артём;Максимович;Косметолог;Служба главного инженера
Карпова;Полина;Тимофеевна;Шахтёр;Отдел по качеству
Беляев;Родион;Александрович;Тыловик;Отдел разработки программного обеспечения
Худякова;Ангелина;Борисовна;Гример;Отдел по закупкам
Дементьев;Матвей;Артёмович;Правовед;Отдел по закупкам
Власова;Варвара;Александровна;Гидролог;Управление информационных технологий
Гуляева;Екатерина;Марковна;Менеджер по работе с клиентами;Участок санитарии и гигиены
Жаров;Константин;Иванович;Оператор машинного доения;Группа развития бизнес-приложений
Денисова;Виктория;Львовна;Государственный исполнитель;Производственный участок
Балашов;Егор;Владимирович;Инженер-энергетик;Дирекция по производству
Сальникова;Анастасия;Михайловна;Микробиолог;Производственная служба
Смирнов;Даниил;Маркович;Блоггер;Группа прикладной математики
Масленников;Александр;Тимурович;Епископ;Управление по продажам
Любимова;Ксения;Всеволодовна;Химик-контролер;Электротехнический участок
Максимова;Анастасия;Родионовна;Шлифовщик;Отдел обеспечения оборудованием
Гусев;Дмитрий;Никитич;Брейдер;Фронт-офис
Маслов;Александр;Васильевич;Сыровар;Служба технического обеспечения
Овчинникова;Евгения;Данииловна;Балетмейстер;Группа контроллинга
Устинов;Денис;Эрикович;Конвоир;Производственная площадка
Петров;Дмитрий;Максимович;Стоматолог;Отдел электроавтоматики
Широкова;Дарина;Егоровна;Продавец;Отдел энергообеспечения
Вавилова;Полина;Львовна;Инженер-строитель;Служба главного инженера
Федотов;Матвей;Павлович;Упаковщик;Отдел по качеству
Дмитриев;Максим;Викторович;Кинезитерапевт;Отдел разработки программного обеспечения
Руднев;Олег;Александрович;Инженер-электрик;Отдел по закупкам
Фролов;Артём;Ильич;Режиссёр;Отдел по закупкам
Еремина;София;Тихоновна;Генетик;Управление информационных технологий
Скворцов;Роман;Ярославович;Расточник;Участок санитарии и гигиены
Гончарова;Ксения;Григорьевна;Физик;Группа развития бизнес-приложений
Лебедева;Василиса;Демидовна;Менеджер;Производственный участок
Семенова;Василиса;Артёмовна;Продавец;Дирекция по производству
Попова;Ева;Семёновна;Хлебороб;Производственная служба
Никитин;Платон;Камильевич;Авиадиспетчер;Группа прикладной математики
Жданова;София;Владимировна;Фтизиатр;Управление по продажам
Серебрякова;Маргарита;Ильинична;Преподаватель;Электротехнический участок
Сухарева;Алиса;Леоновна;Фуражир;Отдел обеспечения оборудованием
Иванов;Артём;Миронович;Дипломат;Фронт-офис
Нечаева;Вера;Андреевна;Декоратор;Служба технического обеспечения
