Name;SerialNumber
D-Link <DPH-120SE / F1С>VoIP Phone (1UTP 100 Mbps, 1WAN);IP-0000001
D-Link <DPH-120SE / F2B>VoIP Phone (1UTP 100 Mbps, 1WAN);IP-0000002
D-Link <DPH-150SE / F5B>Vo (1UTP 100 Mbps, 1WAN);IP-0000003
D-Link <DPH-200SE / F1A>PoE Vo (2UTP 100 Mbps);IP-0000004
D-Link <DPH-400GE / F2B>PoE Vo;IP-0000005
Fanvil <X1S>;IP-0000006
Fanvil <X3S>;IP-0000007
Fanvil <X3SG>;IP-0000008
Fanvil <X3SP>;IP-0000009
Fanvil <X4>;IP-0000010
Grandstream <GRP2615 >;IP-0000011
Grandstream <GXP-1620>;IP-0000012
Grandstream <GXP-1630>;IP-0000013
Grandstream <GXP-2135>;IP-0000014
Grandstream <GXP1615>;IP-0000015
Grandstream <GXP1625>;IP-0000016
Grandstream <WP810 >;IP-0000017
Grandstream GXP-1610 ;IP-0000018
Grandstream GXP-2140 ;IP-0000019
Panasonic KX-HDV100RU <White>S;IP-0000020
Panasonic KX-HDV100RU-B <Black>S;IP-0000021
Panasonic KX-HDV430RU <White>S;IP-0000022
Panasonic KX-HDV430RUB <Black>S;IP-0000023
Panasonic KX-UDT111RU S;IP-0000024
Yealink <CP920>HD IP Conference Phone;IP-0000025
Yealink <SIP-T30>S;IP-0000026
Yealink <SIP-T30P>S;IP-0000027
Yealink <SIP-T31G>S;IP-0000028
Yealink <SIP-T31P>S;IP-0000029
Yealink <SIP-T43U>S;IP-0000030
Yealink <SIP-T48U>S;IP-0000031
Gigaset AS690IP <Black>(трубка с ЖК диспл., База, VoIP);IP-0000032
D-Link <DPH-120SE / F1С>VoIP Phone (1UTP 100 Mbps, 1WAN);IP-0000033
D-Link <DPH-120SE / F2B>VoIP Phone (1UTP 100 Mbps, 1WAN);IP-0000034
D-Link <DPH-150SE / F5B>Vo (1UTP 100 Mbps, 1WAN);IP-0000035
D-Link <DPH-200SE / F1A>PoE Vo (2UTP 100 Mbps);IP-0000036
D-Link <DPH-400GE / F2B>PoE Vo;IP-0000037
Fanvil <X1S>;IP-0000038
Fanvil <X3S>;IP-0000039
Fanvil <X3SG>;IP-0000040
Fanvil <X3SP>;IP-0000041
Fanvil <X4>;IP-0000042
Grandstream <GRP2615 >;IP-0000043
Grandstream <GXP-1620>;IP-0000044
Grandstream <GXP-1630>;IP-0000045
Grandstream <GXP-2135>;IP-0000046
Grandstream <GXP1615>;IP-0000047
Grandstream <GXP1625>;IP-0000048
Grandstream <WP810 >;IP-0000049
Grandstream GXP-1610 ;IP-0000050
Grandstream GXP-2140 ;IP-0000051
Panasonic KX-HDV100RU <White>S;IP-0000052
Panasonic KX-HDV100RU-B <Black>S;IP-0000053
Panasonic KX-HDV430RU <White>S;IP-0000054
Panasonic KX-HDV430RUB <Black>S;IP-0000055
Panasonic KX-UDT111RU S;IP-0000056
Yealink <CP920>HD IP Conference Phone;IP-0000057
Yealink <SIP-T30>S;IP-0000058
Yealink <SIP-T30P>S;IP-0000059
Yealink <SIP-T31G>S;IP-0000060
Yealink <SIP-T31P>S;IP-0000061
Yealink <SIP-T43U>S;IP-0000062
Yealink <SIP-T48U>S;IP-0000063
Gigaset AS690IP <Black>(трубка с ЖК диспл., База, VoIP);IP-0000064
D-Link <DPH-120SE / F1С>VoIP Phone (1UTP 100 Mbps, 1WAN);IP-0000065
D-Link <DPH-120SE / F2B>VoIP Phone (1UTP 100 Mbps, 1WAN);IP-0000066
D-Link <DPH-150SE / F5B>Vo (1UTP 100 Mbps, 1WAN);IP-0000067
D-Link <DPH-200SE / F1A>PoE Vo (2UTP 100 Mbps);IP-0000068
D-Link <DPH-400GE / F2B>PoE Vo;IP-0000069
Fanvil <X1S>;IP-0000070
Fanvil <X3S>;IP-0000071
Fanvil <X3SG>;IP-0000072
Fanvil <X3SP>;IP-0000073
Fanvil <X4>;IP-0000074
Grandstream <GRP2615 >;IP-0000075
Grandstream <GXP-1620>;IP-0000076
Grandstream <GXP-1630>;IP-0000077
Grandstream <GXP-2135>;IP-0000078
Grandstream <GXP1615>;IP-0000079
Grandstream <GXP1625>;IP-0000080
Grandstream <WP810 >;IP-0000081
Grandstream GXP-2670;IP-0000082
Grandstream GXP-3200;IP-0000083
Panasonic KX-HDV100RU <White>S;IP-0000084
Panasonic KX-HDV100RU-B <Black>S;IP-0000085
Panasonic KX-HDV430RU <White>S;IP-0000086
Panasonic KX-HDV430RUB <Black>S;IP-0000087
Panasonic KX-UDT111RU S;IP-0000088
Yealink <CP920>HD IP Conference Phone;IP-0000089
Yealink <SIP-T30>S;IP-0000090
Yealink <SIP-T30P>S;IP-0000091
Yealink <SIP-T31G>S;IP-0000092
Yealink <SIP-T31P>S;IP-0000093
Yealink <SIP-T43U>S;IP-0000094
Yealink <SIP-T48U>S;IP-0000095
Gigaset AS690IP <Black>(трубка с ЖК диспл., База, VoIP);IP-0000096
D-Link <DPH-120SE / F1С>VoIP Phone (1UTP 100 Mbps, 1WAN);IP-0000097
D-Link <DPH-120SE / F2B>VoIP Phone (1UTP 100 Mbps, 1WAN);IP-0000098
D-Link <DPH-150SE / F5B>Vo (1UTP 100 Mbps, 1WAN);IP-0000099
D-Link <DPH-200SE / F1A>PoE Vo (2UTP 100 Mbps);IP-0000100
D-Link <DPH-400GE / F2B>PoE Vo;IP-0000101
Fanvil <X1S>;IP-0000102
Fanvil <X3S>;IP-0000103
Fanvil <X3SG>;IP-0000104
Fanvil <X3SP>;IP-0000105
Fanvil <X4>;IP-0000106
Grandstream <GRP2615 >;IP-0000107
Grandstream <GXP-1620>;IP-0000108
Grandstream <GXP-1630>;IP-0000109
Grandstream <GXP-2135>;IP-0000110
Grandstream <GXP1615>;IP-0000111
Grandstream <GXP1625>;IP-0000112
Grandstream <WP810 >;IP-0000113
Grandstream GXP-2670;IP-0000114
Grandstream GXP-3200;IP-0000115
Panasonic KX-HDV100RU <White>S;IP-0000116
Panasonic KX-HDV100RU-B <Black>S;IP-0000117
Panasonic KX-HDV430RU <White>S;IP-0000118
Panasonic KX-HDV430RUB <Black>S;IP-0000119
Panasonic KX-UDT111RU S;IP-0000120
Yealink <CP920>HD IP Conference Phone;IP-0000121
Yealink <SIP-T30>S;IP-0000122
Yealink <SIP-T30P>S;IP-0000123
Yealink <SIP-T31G>S;IP-0000124
Yealink <SIP-T31P>S;IP-0000125
Yealink <SIP-T43U>S;IP-0000126
Yealink <SIP-T48U>S;IP-0000127
Gigaset AS690IP <Black>(трубка с ЖК диспл., База, VoIP);IP-0000128
D-Link <DPH-120SE / F1С>VoIP Phone (1UTP 100 Mbps, 1WAN);IP-0000129
D-Link <DPH-120SE / F2B>VoIP Phone (1UTP 100 Mbps, 1WAN);IP-0000130
D-Link <DPH-150SE / F5B>Vo (1UTP 100 Mbps, 1WAN);IP-0000131
D-Link <DPH-200SE / F1A>PoE Vo (2UTP 100 Mbps);IP-0000132
D-Link <DPH-400GE / F2B>PoE Vo;IP-0000133
Fanvil <X1S>;IP-0000134
Fanvil <X3S>;IP-0000135
Fanvil <X3SG>;IP-0000136
Fanvil <X3SP>;IP-0000137
Fanvil <X4>;IP-0000138
Grandstream <GRP2615 >;IP-0000139
Grandstream <GXP-1620>;IP-0000140
Grandstream <GXP-1630>;IP-0000141
Grandstream <GXP-2135>;IP-0000142
Grandstream <GXP1615>;IP-0000143
Grandstream <GXP1625>;IP-0000144
Grandstream <WP810 >;IP-0000145
Grandstream GXP-3730;IP-0000146
Grandstream GXP-4260;IP-0000147
Panasonic KX-HDV100RU <White>S;IP-0000148
Panasonic KX-HDV100RU-B <Black>S;IP-0000149
Panasonic KX-HDV430RU <White>S;IP-0000150
Panasonic KX-HDV430RUB <Black>S;IP-0000151
Panasonic KX-UDT111RU S;IP-0000152
Yealink <CP920>HD IP Conference Phone;IP-0000153
Yealink <SIP-T30>S;IP-0000154
Yealink <SIP-T30P>S;IP-0000155
Yealink <SIP-T31G>S;IP-0000156
Yealink <SIP-T31P>S;IP-0000157
Yealink <SIP-T43U>S;IP-0000158
Yealink <SIP-T48U>S;IP-0000159
Gigaset AS690IP <Black>(трубка с ЖК диспл., База, VoIP);IP-0000160
D-Link <DPH-120SE / F1С>VoIP Phone (1UTP 100 Mbps, 1WAN);IP-0000161
D-Link <DPH-120SE / F2B>VoIP Phone (1UTP 100 Mbps, 1WAN);IP-0000162
D-Link <DPH-150SE / F5B>Vo (1UTP 100 Mbps, 1WAN);IP-0000163
D-Link <DPH-200SE / F1A>PoE Vo (2UTP 100 Mbps);IP-0000164
D-Link <DPH-400GE / F2B>PoE Vo;IP-0000165
Fanvil <X1S>;IP-0000166
Fanvil <X3S>;IP-0000167
Fanvil <X3SG>;IP-0000168
Fanvil <X3SP>;IP-0000169
Fanvil <X4>;IP-0000170
Grandstream <GRP2615 >;IP-0000171
Grandstream <GXP-1620>;IP-0000172
Grandstream <GXP-1630>;IP-0000173
Grandstream <GXP-2135>;IP-0000174
Grandstream <GXP1615>;IP-0000175
Grandstream <GXP1625>;IP-0000176
Grandstream <WP810 >;IP-0000177
Grandstream GXP-3730;IP-0000178
Grandstream GXP-4260;IP-0000179
Panasonic KX-HDV100RU <White>S;IP-0000180
Panasonic KX-HDV100RU-B <Black>S;IP-0000181
Panasonic KX-HDV430RU <White>S;IP-0000182
Panasonic KX-HDV430RUB <Black>S;IP-0000183
Panasonic KX-UDT111RU S;IP-0000184
Yealink <CP920>HD IP Conference Phone;IP-0000185
Yealink <SIP-T30>S;IP-0000186
Yealink <SIP-T30P>S;IP-0000187
Yealink <SIP-T31G>S;IP-0000188
Yealink <SIP-T31P>S;IP-0000189
Yealink <SIP-T43U>S;IP-0000190
Yealink <SIP-T48U>S;IP-0000191
Gigaset AS690IP <Black>(трубка с ЖК диспл., База, VoIP);IP-0000192
D-Link <DPH-120SE / F1С>VoIP Phone (1UTP 100 Mbps, 1WAN);IP-0000193
D-Link <DPH-120SE / F2B>VoIP Phone (1UTP 100 Mbps, 1WAN);IP-0000194
D-Link <DPH-150SE / F5B>Vo (1UTP 100 Mbps, 1WAN);IP-0000195
D-Link <DPH-200SE / F1A>PoE Vo (2UTP 100 Mbps);IP-0000196
D-Link <DPH-400GE / F2B>PoE Vo;IP-0000197
Fanvil <X1S>;IP-0000198
Fanvil <X3S>;IP-0000199
Fanvil <X3SG>;IP-0000200
Fanvil <X3SP>;IP-0000201
Fanvil <X4>;IP-0000202
Grandstream <GRP2615 >;IP-0000203
Grandstream <GXP-1620>;IP-0000204
Grandstream <GXP-1630>;IP-0000205
Grandstream <GXP-2135>;IP-0000206
Grandstream <GXP1615>;IP-0000207
Grandstream <GXP1625>;IP-0000208
Grandstream <WP810 >;IP-0000209
Grandstream GXP-4790;IP-0000210
Grandstream GXP-5320;IP-0000211
Panasonic KX-HDV100RU <White>S;IP-0000212
Panasonic KX-HDV100RU-B <Black>S;IP-0000213
Panasonic KX-HDV430RU <White>S;IP-0000214
Panasonic KX-HDV430RUB <Black>S;IP-0000215
Panasonic KX-UDT111RU S;IP-0000216
Yealink <CP920>HD IP Conference Phone;IP-0000217
Yealink <SIP-T30>S;IP-0000218
Yealink <SIP-T30P>S;IP-0000219
Yealink <SIP-T31G>S;IP-0000220
Yealink <SIP-T31P>S;IP-0000221
Yealink <SIP-T43U>S;IP-0000222
Yealink <SIP-T48U>S;IP-0000223
Gigaset AS690IP <Black>(трубка с ЖК диспл., База, VoIP);IP-0000224
D-Link <DPH-120SE / F1С>VoIP Phone (1UTP 100 Mbps, 1WAN);IP-0000225
D-Link <DPH-120SE / F2B>VoIP Phone (1UTP 100 Mbps, 1WAN);IP-0000226
D-Link <DPH-150SE / F5B>Vo (1UTP 100 Mbps, 1WAN);IP-0000227
D-Link <DPH-200SE / F1A>PoE Vo (2UTP 100 Mbps);IP-0000228
D-Link <DPH-400GE / F2B>PoE Vo;IP-0000229
Fanvil <X1S>;IP-0000230
Fanvil <X3S>;IP-0000231
Fanvil <X3SG>;IP-0000232
Fanvil <X3SP>;IP-0000233
Fanvil <X4>;IP-0000234
Grandstream <GRP2615 >;IP-0000235
Grandstream <GXP-1620>;IP-0000236
Grandstream <GXP-1630>;IP-0000237
Grandstream <GXP-2135>;IP-0000238
Grandstream <GXP1615>;IP-0000239
Grandstream <GXP1625>;IP-0000240
Grandstream <WP810 >;IP-0000241
Grandstream GXP-4790;IP-0000242
Grandstream GXP-5320;IP-0000243
Panasonic KX-HDV100RU <White>S;IP-0000244
Panasonic KX-HDV100RU-B <Black>S;IP-0000245
Panasonic KX-HDV430RU <White>S;IP-0000246
Panasonic KX-HDV430RUB <Black>S;IP-0000247
Panasonic KX-UDT111RU S;IP-0000248
Yealink <CP920>HD IP Conference Phone;IP-0000249
Yealink <SIP-T30>S;IP-0000250
Yealink <SIP-T30P>S;IP-0000251
Yealink <SIP-T31G>S;IP-0000252
Yealink <SIP-T31P>S;IP-0000253
Yealink <SIP-T43U>S;IP-0000254
Yealink <SIP-T48U>S;IP-0000255
Gigaset AS690IP <Black>(трубка с ЖК диспл., База, VoIP);IP-0000256
D-Link <DPH-120SE / F1С>VoIP Phone (1UTP 100 Mbps, 1WAN);IP-0000257
D-Link <DPH-120SE / F2B>VoIP Phone (1UTP 100 Mbps, 1WAN);IP-0000258
D-Link <DPH-150SE / F5B>Vo (1UTP 100 Mbps, 1WAN);IP-0000259
D-Link <DPH-200SE / F1A>PoE Vo (2UTP 100 Mbps);IP-0000260
D-Link <DPH-400GE / F2B>PoE Vo;IP-0000261
Fanvil <X1S>;IP-0000262
Fanvil <X3S>;IP-0000263
Fanvil <X3SG>;IP-0000264
Fanvil <X3SP>;IP-0000265
Fanvil <X4>;IP-0000266
Grandstream <GRP2615 >;IP-0000267
Grandstream <GXP-1620>;IP-0000268
Grandstream <GXP-1630>;IP-0000269
Grandstream <GXP-2135>;IP-0000270
Grandstream <GXP1615>;IP-0000271
Grandstream <GXP1625>;IP-0000272
Grandstream <WP810 >;IP-0000273
Grandstream GXP-5850;IP-0000274
Grandstream GXP-6380;IP-0000275
Panasonic KX-HDV100RU <White>S;IP-0000276
Panasonic KX-HDV100RU-B <Black>S;IP-0000277
Panasonic KX-HDV430RU <White>S;IP-0000278
Panasonic KX-HDV430RUB <Black>S;IP-0000279
Panasonic KX-UDT111RU S;IP-0000280
Yealink <CP920>HD IP Conference Phone;IP-0000281
Yealink <SIP-T30>S;IP-0000282
Yealink <SIP-T30P>S;IP-0000283
Yealink <SIP-T31G>S;IP-0000284
Yealink <SIP-T31P>S;IP-0000285
Yealink <SIP-T43U>S;IP-0000286
Yealink <SIP-T48U>S;IP-0000287
Gigaset AS690IP <Black>(трубка с ЖК диспл., База, VoIP);IP-0000288
D-Link <DPH-120SE / F1С>VoIP Phone (1UTP 100 Mbps, 1WAN);IP-0000289
D-Link <DPH-120SE / F2B>VoIP Phone (1UTP 100 Mbps, 1WAN);IP-0000290
D-Link <DPH-150SE / F5B>Vo (1UTP 100 Mbps, 1WAN);IP-0000291
D-Link <DPH-200SE / F1A>PoE Vo (2UTP 100 Mbps);IP-0000292
D-Link <DPH-400GE / F2B>PoE Vo;IP-0000293
Fanvil <X1S>;IP-0000294
Fanvil <X3S>;IP-0000295
Fanvil <X3SG>;IP-0000296
Fanvil <X3SP>;IP-0000297
Fanvil <X4>;IP-0000298
Grandstream <GRP2615 >;IP-0000299
Grandstream <GXP-1620>;IP-0000300
Grandstream <GXP-1630>;IP-0000301
Grandstream <GXP-2135>;IP-0000302
Grandstream <GXP1615>;IP-0000303
Grandstream <GXP1625>;IP-0000304
Grandstream <WP810 >;IP-0000305
Grandstream GXP-5850;IP-0000306
Grandstream GXP-6380;IP-0000307
Panasonic KX-HDV100RU <White>S;IP-0000308
Panasonic KX-HDV100RU-B <Black>S;IP-0000309
Panasonic KX-HDV430RU <White>S;IP-0000310
Panasonic KX-HDV430RUB <Black>S;IP-0000311
Panasonic KX-UDT111RU S;IP-0000312
Yealink <CP920>HD IP Conference Phone;IP-0000313
Yealink <SIP-T30>S;IP-0000314
Yealink <SIP-T30P>S;IP-0000315
Yealink <SIP-T31G>S;IP-0000316
Yealink <SIP-T31P>S;IP-0000317
Yealink <SIP-T43U>S;IP-0000318
Yealink <SIP-T48U>S;IP-0000319
Gigaset AS690IP <Black>(трубка с ЖК диспл., База, VoIP);IP-0000320
D-Link <DPH-120SE / F1С>VoIP Phone (1UTP 100 Mbps, 1WAN);IP-0000321
D-Link <DPH-120SE / F2B>VoIP Phone (1UTP 100 Mbps, 1WAN);IP-0000322
D-Link <DPH-150SE / F5B>Vo (1UTP 100 Mbps, 1WAN);IP-0000323
D-Link <DPH-200SE / F1A>PoE Vo (2UTP 100 Mbps);IP-0000324
D-Link <DPH-400GE / F2B>PoE Vo;IP-0000325
Fanvil <X1S>;IP-0000326
Fanvil <X3S>;IP-0000327
Fanvil <X3SG>;IP-0000328
Fanvil <X3SP>;IP-0000329
Fanvil <X4>;IP-0000330
Grandstream <GRP2615 >;IP-0000331
Grandstream <GXP-1620>;IP-0000332
Grandstream <GXP-1630>;IP-0000333
Grandstream <GXP-2135>;IP-0000334
Grandstream <GXP1615>;IP-0000335
Grandstream <GXP1625>;IP-0000336
Grandstream <WP810 >;IP-0000337
Grandstream GXP-6910;IP-0000338
Grandstream GXP-7440;IP-0000339
Panasonic KX-HDV100RU <White>S;IP-0000340
Panasonic KX-HDV100RU-B <Black>S;IP-0000341
Panasonic KX-HDV430RU <White>S;IP-0000342
Panasonic KX-HDV430RUB <Black>S;IP-0000343
Panasonic KX-UDT111RU S;IP-0000344
Yealink <CP920>HD IP Conference Phone;IP-0000345
Yealink <SIP-T30>S;IP-0000346
Yealink <SIP-T30P>S;IP-0000347
Yealink <SIP-T31G>S;IP-0000348
Yealink <SIP-T31P>S;IP-0000349
Yealink <SIP-T43U>S;IP-0000350
Yealink <SIP-T48U>S;IP-0000351
Gigaset AS690IP <Black>(трубка с ЖК диспл., База, VoIP);IP-0000352
D-Link <DPH-120SE / F1С>VoIP Phone (1UTP 100 Mbps, 1WAN);IP-0000353
D-Link <DPH-120SE / F2B>VoIP Phone (1UTP 100 Mbps, 1WAN);IP-0000354
D-Link <DPH-150SE / F5B>Vo (1UTP 100 Mbps, 1WAN);IP-0000355
D-Link <DPH-200SE / F1A>PoE Vo (2UTP 100 Mbps);IP-0000356
D-Link <DPH-400GE / F2B>PoE Vo;IP-0000357
Fanvil <X1S>;IP-0000358
Fanvil <X3S>;IP-0000359
Fanvil <X3SG>;IP-0000360
Fanvil <X3SP>;IP-0000361
Fanvil <X4>;IP-0000362
Grandstream <GRP2615 >;IP-0000363
Grandstream <GXP-1620>;IP-0000364
Grandstream <GXP-1630>;IP-0000365
Grandstream <GXP-2135>;IP-0000366
Grandstream <GXP1615>;IP-0000367
Grandstream <GXP1625>;IP-0000368
Grandstream <WP810 >;IP-0000369
Grandstream GXP-6910;IP-0000370
Grandstream GXP-7440;IP-0000371
Panasonic KX-HDV100RU <White>S;IP-0000372
Panasonic KX-HDV100RU-B <Black>S;IP-0000373
Panasonic KX-HDV430RU <White>S;IP-0000374
Panasonic KX-HDV430RUB <Black>S;IP-0000375
Panasonic KX-UDT111RU S;IP-0000376
Yealink <CP920>HD IP Conference Phone;IP-0000377
Yealink <SIP-T30>S;IP-0000378
Yealink <SIP-T30P>S;IP-0000379
Yealink <SIP-T31G>S;IP-0000380
Yealink <SIP-T31P>S;IP-0000381
Yealink <SIP-T43U>S;IP-0000382
Yealink <SIP-T48U>S;IP-0000383
Gigaset AS690IP <Black>(трубка с ЖК диспл., База, VoIP);IP-0000384
D-Link <DPH-120SE / F1С>VoIP Phone (1UTP 100 Mbps, 1WAN);IP-0000385
D-Link <DPH-120SE / F2B>VoIP Phone (1UTP 100 Mbps, 1WAN);IP-0000386
D-Link <DPH-150SE / F5B>Vo (1UTP 100 Mbps, 1WAN);IP-0000387
D-Link <DPH-200SE / F1A>PoE Vo (2UTP 100 Mbps);IP-0000388
D-Link <DPH-400GE / F2B>PoE Vo;IP-0000389
Fanvil <X1S>;IP-0000390
Fanvil <X3S>;IP-0000391
Fanvil <X3SG>;IP-0000392
Fanvil <X3SP>;IP-0000393
Fanvil <X4>;IP-0000394
Grandstream <GRP2615 >;IP-0000395
Grandstream <GXP-1620>;IP-0000396
Grandstream <GXP-1630>;IP-0000397
Grandstream <GXP-2135>;IP-0000398
Grandstream <GXP1615>;IP-0000399
Grandstream <GXP1625>;IP-0000400
Grandstream <WP810 >;IP-0000401
Grandstream GXP-7970;IP-0000402
Grandstream GXP-8500;IP-0000403
Panasonic KX-HDV100RU <White>S;IP-0000404
Panasonic KX-HDV100RU-B <Black>S;IP-0000405
Panasonic KX-HDV430RU <White>S;IP-0000406
Panasonic KX-HDV430RUB <Black>S;IP-0000407
Panasonic KX-UDT111RU S;IP-0000408
Yealink <CP920>HD IP Conference Phone;IP-0000409
Yealink <SIP-T30>S;IP-0000410
Yealink <SIP-T30P>S;IP-0000411
Yealink <SIP-T31G>S;IP-0000412
Yealink <SIP-T31P>S;IP-0000413
Yealink <SIP-T43U>S;IP-0000414
Yealink <SIP-T48U>S;IP-0000415
Gigaset AS690IP <Black>(трубка с ЖК диспл., База, VoIP);IP-0000416
D-Link <DPH-120SE / F1С>VoIP Phone (1UTP 100 Mbps, 1WAN);IP-0000417
D-Link <DPH-120SE / F2B>VoIP Phone (1UTP 100 Mbps, 1WAN);IP-0000418
D-Link <DPH-150SE / F5B>Vo (1UTP 100 Mbps, 1WAN);IP-0000419
D-Link <DPH-200SE / F1A>PoE Vo (2UTP 100 Mbps);IP-0000420
D-Link <DPH-400GE / F2B>PoE Vo;IP-0000421
Fanvil <X1S>;IP-0000422
Fanvil <X3S>;IP-0000423
Fanvil <X3SG>;IP-0000424
Fanvil <X3SP>;IP-0000425
Fanvil <X4>;IP-0000426
Grandstream <GRP2615 >;IP-0000427
Grandstream <GXP-1620>;IP-0000428
Grandstream <GXP-1630>;IP-0000429
Grandstream <GXP-2135>;IP-0000430
Grandstream <GXP1615>;IP-0000431
Grandstream <GXP1625>;IP-0000432
Grandstream <WP810 >;IP-0000433
Grandstream GXP-7970;IP-0000434
Grandstream GXP-8500;IP-0000435
Panasonic KX-HDV100RU <White>S;IP-0000436
Panasonic KX-HDV100RU-B <Black>S;IP-0000437
Panasonic KX-HDV430RU <White>S;IP-0000438
Panasonic KX-HDV430RUB <Black>S;IP-0000439
Panasonic KX-UDT111RU S;IP-0000440
Yealink <CP920>HD IP Conference Phone;IP-0000441
Yealink <SIP-T30>S;IP-0000442
Yealink <SIP-T30P>S;IP-0000443
Yealink <SIP-T31G>S;IP-0000444
Yealink <SIP-T31P>S;IP-0000445
Yealink <SIP-T43U>S;IP-0000446
Yealink <SIP-T48U>S;IP-0000447
Gigaset AS690IP <Black>(трубка с ЖК диспл., База, VoIP);IP-0000448
D-Link <DPH-120SE / F1С>VoIP Phone (1UTP 100 Mbps, 1WAN);IP-0000449
D-Link <DPH-120SE / F2B>VoIP Phone (1UTP 100 Mbps, 1WAN);IP-0000450
D-Link <DPH-150SE / F5B>Vo (1UTP 100 Mbps, 1WAN);IP-0000451
D-Link <DPH-200SE / F1A>PoE Vo (2UTP 100 Mbps);IP-0000452
D-Link <DPH-400GE / F2B>PoE Vo;IP-0000453
Fanvil <X1S>;IP-0000454
Fanvil <X3S>;IP-0000455
Fanvil <X3SG>;IP-0000456
Fanvil <X3SP>;IP-0000457
Fanvil <X4>;IP-0000458
Grandstream <GRP2615 >;IP-0000459
Grandstream <GXP-1620>;IP-0000460
Grandstream <GXP-1630>;IP-0000461
Grandstream <GXP-2135>;IP-0000462
Grandstream <GXP1615>;IP-0000463
Grandstream <GXP1625>;IP-0000464
Grandstream <WP810 >;IP-0000465
Grandstream GXP-9030;IP-0000466
Grandstream GXP-9560;IP-0000467
Panasonic KX-HDV100RU <White>S;IP-0000468
Panasonic KX-HDV100RU-B <Black>S;IP-0000469
Panasonic KX-HDV430RU <White>S;IP-0000470
Panasonic KX-HDV430RUB <Black>S;IP-0000471
Panasonic KX-UDT111RU S;IP-0000472
Yealink <CP920>HD IP Conference Phone;IP-0000473
Yealink <SIP-T30>S;IP-0000474
Yealink <SIP-T30P>S;IP-0000475
Yealink <SIP-T31G>S;IP-0000476
Yealink <SIP-T31P>S;IP-0000477
Yealink <SIP-T43U>S;IP-0000478
Yealink <SIP-T48U>S;IP-0000479
Gigaset AS690IP <Black>(трубка с ЖК диспл., База, VoIP);IP-0000480
D-Link <DPH-120SE / F1С>VoIP Phone (1UTP 100 Mbps, 1WAN);IP-0000481
D-Link <DPH-120SE / F2B>VoIP Phone (1UTP 100 Mbps, 1WAN);IP-0000482
D-Link <DPH-150SE / F5B>Vo (1UTP 100 Mbps, 1WAN);IP-0000483
D-Link <DPH-200SE / F1A>PoE Vo (2UTP 100 Mbps);IP-0000484
D-Link <DPH-400GE / F2B>PoE Vo;IP-0000485
Fanvil <X1S>;IP-0000486
Fanvil <X3S>;IP-0000487
Fanvil <X3SG>;IP-0000488
Fanvil <X3SP>;IP-0000489
Fanvil <X4>;IP-0000490
Grandstream <GRP2615 >;IP-0000491
Grandstream <GXP-1620>;IP-0000492
Grandstream <GXP-1630>;IP-0000493
Grandstream <GXP-2135>;IP-0000494
Grandstream <GXP1615>;IP-0000495
Grandstream <GXP1625>;IP-0000496
Grandstream <WP810 >;IP-0000497
Grandstream GXP-9030;IP-0000498
Grandstream GXP-9560;IP-0000499
Panasonic KX-HDV100RU <White>S;IP-0000500
Panasonic KX-HDV100RU-B <Black>S;IP-0000501
Panasonic KX-HDV430RU <White>S;IP-0000502
Panasonic KX-HDV430RUB <Black>S;IP-0000503
Panasonic KX-UDT111RU S;IP-0000504
Yealink <CP920>HD IP Conference Phone;IP-0000505
Yealink <SIP-T30>S;IP-0000506
Yealink <SIP-T30P>S;IP-0000507
Yealink <SIP-T31G>S;IP-0000508
Yealink <SIP-T31P>S;IP-0000509
Yealink <SIP-T43U>S;IP-0000510
Yealink <SIP-T48U>S;IP-0000511
Gigaset AS690IP <Black>(трубка с ЖК диспл., База, VoIP);IP-0000512
D-Link <DPH-120SE / F1С>VoIP Phone (1UTP 100 Mbps, 1WAN);IP-0000513
D-Link <DPH-120SE / F2B>VoIP Phone (1UTP 100 Mbps, 1WAN);IP-0000514
D-Link <DPH-150SE / F5B>Vo (1UTP 100 Mbps, 1WAN);IP-0000515
D-Link <DPH-200SE / F1A>PoE Vo (2UTP 100 Mbps);IP-0000516
D-Link <DPH-400GE / F2B>PoE Vo;IP-0000517
Fanvil <X1S>;IP-0000518
Fanvil <X3S>;IP-0000519
Fanvil <X3SG>;IP-0000520
Fanvil <X3SP>;IP-0000521
Fanvil <X4>;IP-0000522
Grandstream <GRP2615 >;IP-0000523
Grandstream <GXP-1620>;IP-0000524
Grandstream <GXP-1630>;IP-0000525
Grandstream <GXP-2135>;IP-0000526
Grandstream <GXP1615>;IP-0000527
Grandstream <GXP1625>;IP-0000528
Grandstream <WP810 >;IP-0000529
Grandstream GXP-10090;IP-0000530
Grandstream GXP-10620;IP-0000531
Panasonic KX-HDV100RU <White>S;IP-0000532
Panasonic KX-HDV100RU-B <Black>S;IP-0000533
Panasonic KX-HDV430RU <White>S;IP-0000534
Panasonic KX-HDV430RUB <Black>S;IP-0000535
Panasonic KX-UDT111RU S;IP-0000536
Yealink <CP920>HD IP Conference Phone;IP-0000537
Yealink <SIP-T30>S;IP-0000538
Yealink <SIP-T30P>S;IP-0000539
Yealink <SIP-T31G>S;IP-0000540
Yealink <SIP-T31P>S;IP-0000541
Yealink <SIP-T43U>S;IP-0000542
Yealink <SIP-T48U>S;IP-0000543
Gigaset AS690IP <Black>(трубка с ЖК диспл., База, VoIP);IP-0000544
D-Link <DPH-120SE / F1С>VoIP Phone (1UTP 100 Mbps, 1WAN);IP-0000545
D-Link <DPH-120SE / F2B>VoIP Phone (1UTP 100 Mbps, 1WAN);IP-0000546
D-Link <DPH-150SE / F5B>Vo (1UTP 100 Mbps, 1WAN);IP-0000547
D-Link <DPH-200SE / F1A>PoE Vo (2UTP 100 Mbps);IP-0000548
D-Link <DPH-400GE / F2B>PoE Vo;IP-0000549
Fanvil <X1S>;IP-0000550
Fanvil <X3S>;IP-0000551
Fanvil <X3SG>;IP-0000552
Fanvil <X3SP>;IP-0000553
Fanvil <X4>;IP-0000554
Grandstream <GRP2615 >;IP-0000555
Grandstream <GXP-1620>;IP-0000556
Grandstream <GXP-1630>;IP-0000557
Grandstream <GXP-2135>;IP-0000558
Grandstream <GXP1615>;IP-0000559
Grandstream <GXP1625>;IP-0000560
Grandstream <WP810 >;IP-0000561
Grandstream GXP-10090;IP-0000562
Grandstream GXP-10620;IP-0000563
Panasonic KX-HDV100RU <White>S;IP-0000564
Panasonic KX-HDV100RU-B <Black>S;IP-0000565
Panasonic KX-HDV430RU <White>S;IP-0000566
Panasonic KX-HDV430RUB <Black>S;IP-0000567
Panasonic KX-UDT111RU S;IP-0000568
Yealink <CP920>HD IP Conference Phone;IP-0000569
Yealink <SIP-T30>S;IP-0000570
Yealink <SIP-T30P>S;IP-0000571
Yealink <SIP-T31G>S;IP-0000572
Yealink <SIP-T31P>S;IP-0000573
Yealink <SIP-T43U>S;IP-0000574
Yealink <SIP-T48U>S;IP-0000575
Gigaset AS690IP <Black>(трубка с ЖК диспл., База, VoIP);IP-0000576
D-Link <DPH-120SE / F1С>VoIP Phone (1UTP 100 Mbps, 1WAN);IP-0000577
D-Link <DPH-120SE / F2B>VoIP Phone (1UTP 100 Mbps, 1WAN);IP-0000578
D-Link <DPH-150SE / F5B>Vo (1UTP 100 Mbps, 1WAN);IP-0000579
D-Link <DPH-200SE / F1A>PoE Vo (2UTP 100 Mbps);IP-0000580
D-Link <DPH-400GE / F2B>PoE Vo;IP-0000581
Fanvil <X1S>;IP-0000582
Fanvil <X3S>;IP-0000583
Fanvil <X3SG>;IP-0000584
Fanvil <X3SP>;IP-0000585
Fanvil <X4>;IP-0000586
Grandstream <GRP2615 >;IP-0000587
Grandstream <GXP-1620>;IP-0000588
Grandstream <GXP-1630>;IP-0000589
Grandstream <GXP-2135>;IP-0000590
Grandstream <GXP1615>;IP-0000591
Grandstream <GXP1625>;IP-0000592
Grandstream <WP810 >;IP-0000593
Grandstream GXP-11150;IP-0000594
Grandstream GXP-11680;IP-0000595
Panasonic KX-HDV100RU <White>S;IP-0000596
Panasonic KX-HDV100RU-B <Black>S;IP-0000597
Panasonic KX-HDV430RU <White>S;IP-0000598
Panasonic KX-HDV430RUB <Black>S;IP-0000599
Panasonic KX-UDT111RU S;IP-0000600
Yealink <CP920>HD IP Conference Phone;IP-0000601
Yealink <SIP-T30>S;IP-0000602
Yealink <SIP-T30P>S;IP-0000603
Yealink <SIP-T31G>S;IP-0000604
Yealink <SIP-T31P>S;IP-0000605
Yealink <SIP-T43U>S;IP-0000606
Yealink <SIP-T48U>S;IP-0000607
Gigaset AS690IP <Black>(трубка с ЖК диспл., База, VoIP);IP-0000608
D-Link <DPH-120SE / F1С>VoIP Phone (1UTP 100 Mbps, 1WAN);IP-0000609
D-Link <DPH-120SE / F2B>VoIP Phone (1UTP 100 Mbps, 1WAN);IP-0000610
D-Link <DPH-150SE / F5B>Vo (1UTP 100 Mbps, 1WAN);IP-0000611
D-Link <DPH-200SE / F1A>PoE Vo (2UTP 100 Mbps);IP-0000612
D-Link <DPH-400GE / F2B>PoE Vo;IP-0000613
Fanvil <X1S>;IP-0000614
Fanvil <X3S>;IP-0000615
Fanvil <X3SG>;IP-0000616
Fanvil <X3SP>;IP-0000617
Fanvil <X4>;IP-0000618
Grandstream <GRP2615 >;IP-0000619
Grandstream <GXP-1620>;IP-0000620
Grandstream <GXP-1630>;IP-0000621
Grandstream <GXP-2135>;IP-0000622
Grandstream <GXP1615>;IP-0000623
Grandstream <GXP1625>;IP-0000624
Grandstream <WP810 >;IP-0000625
Grandstream GXP-11150;IP-0000626
Grandstream GXP-11680;IP-0000627
Panasonic KX-HDV100RU <White>S;IP-0000628
Panasonic KX-HDV100RU-B <Black>S;IP-0000629
Panasonic KX-HDV430RU <White>S;IP-0000630
Panasonic KX-HDV430RUB <Black>S;IP-0000631
Panasonic KX-UDT111RU S;IP-0000632
Yealink <CP920>HD IP Conference Phone;IP-0000633
Yealink <SIP-T30>S;IP-0000634
Yealink <SIP-T30P>S;IP-0000635
Yealink <SIP-T31G>S;IP-0000636
Yealink <SIP-T31P>S;IP-0000637
Yealink <SIP-T43U>S;IP-0000638
Yealink <SIP-T48U>S;IP-0000639
Gigaset AS690IP <Black>(трубка с ЖК диспл., База, VoIP);IP-0000640
D-Link <DPH-120SE / F1С>VoIP Phone (1UTP 100 Mbps, 1WAN);IP-0000641
D-Link <DPH-120SE / F2B>VoIP Phone (1UTP 100 Mbps, 1WAN);IP-0000642
D-Link <DPH-150SE / F5B>Vo (1UTP 100 Mbps, 1WAN);IP-0000643
D-Link <DPH-200SE / F1A>PoE Vo (2UTP 100 Mbps);IP-0000644
D-Link <DPH-400GE / F2B>PoE Vo;IP-0000645
Fanvil <X1S>;IP-0000646
Fanvil <X3S>;IP-0000647
Fanvil <X3SG>;IP-0000648
Fanvil <X3SP>;IP-0000649
Fanvil <X4>;IP-0000650
Grandstream <GRP2615 >;IP-0000651
Grandstream <GXP-1620>;IP-0000652
Grandstream <GXP-1630>;IP-0000653
Grandstream <GXP-2135>;IP-0000654
Grandstream <GXP1615>;IP-0000655
Grandstream <GXP1625>;IP-0000656
Grandstream <WP810 >;IP-0000657
Grandstream GXP-12210;IP-0000658
Grandstream GXP-12740;IP-0000659
Panasonic KX-HDV100RU <White>S;IP-0000660
Panasonic KX-HDV100RU-B <Black>S;IP-0000661
Panasonic KX-HDV430RU <White>S;IP-0000662
Panasonic KX-HDV430RUB <Black>S;IP-0000663
Panasonic KX-UDT111RU S;IP-0000664
Yealink <CP920>HD IP Conference Phone;IP-0000665
Yealink <SIP-T30>S;IP-0000666
Yealink <SIP-T30P>S;IP-0000667
Yealink <SIP-T31G>S;IP-0000668
Yealink <SIP-T31P>S;IP-0000669
Yealink <SIP-T43U>S;IP-0000670
Yealink <SIP-T48U>S;IP-0000671
Gigaset AS690IP <Black>(трубка с ЖК диспл., База, VoIP);IP-0000672
D-Link <DPH-120SE / F1С>VoIP Phone (1UTP 100 Mbps, 1WAN);IP-0000673
D-Link <DPH-120SE / F2B>VoIP Phone (1UTP 100 Mbps, 1WAN);IP-0000674
D-Link <DPH-150SE / F5B>Vo (1UTP 100 Mbps, 1WAN);IP-0000675
D-Link <DPH-200SE / F1A>PoE Vo (2UTP 100 Mbps);IP-0000676
D-Link <DPH-400GE / F2B>PoE Vo;IP-0000677
Fanvil <X1S>;IP-0000678
Fanvil <X3S>;IP-0000679
Fanvil <X3SG>;IP-0000680
Fanvil <X3SP>;IP-0000681
Fanvil <X4>;IP-0000682
Grandstream <GRP2615 >;IP-0000683
Grandstream <GXP-1620>;IP-0000684
Grandstream <GXP-1630>;IP-0000685
Grandstream <GXP-2135>;IP-0000686
Grandstream <GXP1615>;IP-0000687
Grandstream <GXP1625>;IP-0000688
Grandstream <WP810 >;IP-0000689
Grandstream GXP-12210;IP-0000690
Grandstream GXP-12740;IP-0000691
Panasonic KX-HDV100RU <White>S;IP-0000692
Panasonic KX-HDV100RU-B <Black>S;IP-0000693
Panasonic KX-HDV430RU <White>S;IP-0000694
Panasonic KX-HDV430RUB <Black>S;IP-0000695
Panasonic KX-UDT111RU S;IP-0000696
Yealink <CP920>HD IP Conference Phone;IP-0000697
Yealink <SIP-T30>S;IP-0000698
Yealink <SIP-T30P>S;IP-0000699
Yealink <SIP-T31G>S;IP-0000700
Yealink <SIP-T31P>S;IP-0000701
Yealink <SIP-T43U>S;IP-0000702
Yealink <SIP-T48U>S;IP-0000703
Gigaset AS690IP <Black>(трубка с ЖК диспл., База, VoIP);IP-0000704
D-Link <DPH-120SE / F1С>VoIP Phone (1UTP 100 Mbps, 1WAN);IP-0000705
D-Link <DPH-120SE / F2B>VoIP Phone (1UTP 100 Mbps, 1WAN);IP-0000706
D-Link <DPH-150SE / F5B>Vo (1UTP 100 Mbps, 1WAN);IP-0000707
D-Link <DPH-200SE / F1A>PoE Vo (2UTP 100 Mbps);IP-0000708
D-Link <DPH-400GE / F2B>PoE Vo;IP-0000709
Fanvil <X1S>;IP-0000710
Fanvil <X3S>;IP-0000711
Fanvil <X3SG>;IP-0000712
Fanvil <X3SP>;IP-0000713
Fanvil <X4>;IP-0000714
Grandstream <GRP2615 >;IP-0000715
Grandstream <GXP-1620>;IP-0000716
Grandstream <GXP-1630>;IP-0000717
Grandstream <GXP-2135>;IP-0000718
Grandstream <GXP1615>;IP-0000719
Grandstream <GXP1625>;IP-0000720
Grandstream <WP810 >;IP-0000721
Grandstream GXP-13270;IP-0000722
Grandstream GXP-13800;IP-0000723
Panasonic KX-HDV100RU <White>S;IP-0000724
Panasonic KX-HDV100RU-B <Black>S;IP-0000725
Panasonic KX-HDV430RU <White>S;IP-0000726
Panasonic KX-HDV430RUB <Black>S;IP-0000727
Panasonic KX-UDT111RU S;IP-0000728
Yealink <CP920>HD IP Conference Phone;IP-0000729
Yealink <SIP-T30>S;IP-0000730
Yealink <SIP-T30P>S;IP-0000731
Yealink <SIP-T31G>S;IP-0000732
Yealink <SIP-T31P>S;IP-0000733
Yealink <SIP-T43U>S;IP-0000734
Yealink <SIP-T48U>S;IP-0000735
Gigaset AS690IP <Black>(трубка с ЖК диспл., База, VoIP);IP-0000736
D-Link <DPH-120SE / F1С>VoIP Phone (1UTP 100 Mbps, 1WAN);IP-0000737
D-Link <DPH-120SE / F2B>VoIP Phone (1UTP 100 Mbps, 1WAN);IP-0000738
D-Link <DPH-150SE / F5B>Vo (1UTP 100 Mbps, 1WAN);IP-0000739
D-Link <DPH-200SE / F1A>PoE Vo (2UTP 100 Mbps);IP-0000740
D-Link <DPH-400GE / F2B>PoE Vo;IP-0000741
Fanvil <X1S>;IP-0000742
Fanvil <X3S>;IP-0000743
Fanvil <X3SG>;IP-0000744
Fanvil <X3SP>;IP-0000745
Fanvil <X4>;IP-0000746
Grandstream <GRP2615 >;IP-0000747
Grandstream <GXP-1620>;IP-0000748
Grandstream <GXP-1630>;IP-0000749
Grandstream <GXP-2135>;IP-0000750
Grandstream <GXP1615>;IP-0000751
Grandstream <GXP1625>;IP-0000752
Grandstream <WP810 >;IP-0000753
Grandstream GXP-13270;IP-0000754
Grandstream GXP-13800;IP-0000755
Panasonic KX-HDV100RU <White>S;IP-0000756
Panasonic KX-HDV100RU-B <Black>S;IP-0000757
Panasonic KX-HDV430RU <White>S;IP-0000758
Panasonic KX-HDV430RUB <Black>S;IP-0000759
Panasonic KX-UDT111RU S;IP-0000760
Yealink <CP920>HD IP Conference Phone;IP-0000761
Yealink <SIP-T30>S;IP-0000762
Yealink <SIP-T30P>S;IP-0000763
Yealink <SIP-T31G>S;IP-0000764
Yealink <SIP-T31P>S;IP-0000765
Yealink <SIP-T43U>S;IP-0000766
Yealink <SIP-T48U>S;IP-0000767
Gigaset AS690IP <Black>(трубка с ЖК диспл., База, VoIP);IP-0000768
D-Link <DPH-120SE / F1С>VoIP Phone (1UTP 100 Mbps, 1WAN);IP-0000769
D-Link <DPH-120SE / F2B>VoIP Phone (1UTP 100 Mbps, 1WAN);IP-0000770
D-Link <DPH-150SE / F5B>Vo (1UTP 100 Mbps, 1WAN);IP-0000771
D-Link <DPH-200SE / F1A>PoE Vo (2UTP 100 Mbps);IP-0000772
D-Link <DPH-400GE / F2B>PoE Vo;IP-0000773
Fanvil <X1S>;IP-0000774
Fanvil <X3S>;IP-0000775
Fanvil <X3SG>;IP-0000776
Fanvil <X3SP>;IP-0000777
Fanvil <X4>;IP-0000778
Grandstream <GRP2615 >;IP-0000779
Grandstream <GXP-1620>;IP-0000780
Grandstream <GXP-1630>;IP-0000781
Grandstream <GXP-2135>;IP-0000782
Grandstream <GXP1615>;IP-0000783
Grandstream <GXP1625>;IP-0000784
Grandstream <WP810 >;IP-0000785
Grandstream GXP-14330;IP-0000786
Grandstream GXP-14860;IP-0000787
Panasonic KX-HDV100RU <White>S;IP-0000788
Panasonic KX-HDV100RU-B <Black>S;IP-0000789
Panasonic KX-HDV430RU <White>S;IP-0000790
Panasonic KX-HDV430RUB <Black>S;IP-0000791
Panasonic KX-UDT111RU S;IP-0000792
Yealink <CP920>HD IP Conference Phone;IP-0000793
Yealink <SIP-T30>S;IP-0000794
Yealink <SIP-T30P>S;IP-0000795
Yealink <SIP-T31G>S;IP-0000796
Yealink <SIP-T31P>S;IP-0000797
Yealink <SIP-T43U>S;IP-0000798
Yealink <SIP-T48U>S;IP-0000799
Gigaset AS690IP <Black>(трубка с ЖК диспл., База, VoIP);IP-0000800
D-Link <DPH-120SE / F1С>VoIP Phone (1UTP 100 Mbps, 1WAN);IP-0000801
D-Link <DPH-120SE / F2B>VoIP Phone (1UTP 100 Mbps, 1WAN);IP-0000802
D-Link <DPH-150SE / F5B>Vo (1UTP 100 Mbps, 1WAN);IP-0000803
D-Link <DPH-200SE / F1A>PoE Vo (2UTP 100 Mbps);IP-0000804
D-Link <DPH-400GE / F2B>PoE Vo;IP-0000805
Fanvil <X1S>;IP-0000806
Fanvil <X3S>;IP-0000807
Fanvil <X3SG>;IP-0000808
Fanvil <X3SP>;IP-0000809
Fanvil <X4>;IP-0000810
Grandstream <GRP2615 >;IP-0000811
Grandstream <GXP-1620>;IP-0000812
Grandstream <GXP-1630>;IP-0000813
Grandstream <GXP-2135>;IP-0000814
Grandstream <GXP1615>;IP-0000815
Grandstream <GXP1625>;IP-0000816
Grandstream <WP810 >;IP-0000817
Grandstream GXP-14330;IP-0000818
Grandstream GXP-14860;IP-0000819
Panasonic KX-HDV100RU <White>S;IP-0000820
Panasonic KX-HDV100RU-B <Black>S;IP-0000821
Panasonic KX-HDV430RU <White>S;IP-0000822
Panasonic KX-HDV430RUB <Black>S;IP-0000823
Panasonic KX-UDT111RU S;IP-0000824
Yealink <CP920>HD IP Conference Phone;IP-0000825
Yealink <SIP-T30>S;IP-0000826
Yealink <SIP-T30P>S;IP-0000827
Yealink <SIP-T31G>S;IP-0000828
Yealink <SIP-T31P>S;IP-0000829
Yealink <SIP-T43U>S;IP-0000830
Yealink <SIP-T48U>S;IP-0000831
Gigaset AS690IP <Black>(трубка с ЖК диспл., База, VoIP);IP-0000832
D-Link <DPH-120SE / F1С>VoIP Phone (1UTP 100 Mbps, 1WAN);IP-0000833
D-Link <DPH-120SE / F2B>VoIP Phone (1UTP 100 Mbps, 1WAN);IP-0000834
D-Link <DPH-150SE / F5B>Vo (1UTP 100 Mbps, 1WAN);IP-0000835
D-Link <DPH-200SE / F1A>PoE Vo (2UTP 100 Mbps);IP-0000836
D-Link <DPH-400GE / F2B>PoE Vo;IP-0000837
Fanvil <X1S>;IP-0000838
Fanvil <X3S>;IP-0000839
Fanvil <X3SG>;IP-0000840
Fanvil <X3SP>;IP-0000841
Fanvil <X4>;IP-0000842
Grandstream <GRP2615 >;IP-0000843
Grandstream <GXP-1620>;IP-0000844
Grandstream <GXP-1630>;IP-0000845
Grandstream <GXP-2135>;IP-0000846
Grandstream <GXP1615>;IP-0000847
Grandstream <GXP1625>;IP-0000848
Grandstream <WP810 >;IP-0000849
Grandstream GXP-15390;IP-0000850
Grandstream GXP-15920;IP-0000851
Panasonic KX-HDV100RU <White>S;IP-0000852
Panasonic KX-HDV100RU-B <Black>S;IP-0000853
Panasonic KX-HDV430RU <White>S;IP-0000854
Panasonic KX-HDV430RUB <Black>S;IP-0000855
Panasonic KX-UDT111RU S;IP-0000856
Yealink <CP920>HD IP Conference Phone;IP-0000857
Yealink <SIP-T30>S;IP-0000858
Yealink <SIP-T30P>S;IP-0000859
Yealink <SIP-T31G>S;IP-0000860
Yealink <SIP-T31P>S;IP-0000861
Yealink <SIP-T43U>S;IP-0000862
Yealink <SIP-T48U>S;IP-0000863
Gigaset AS690IP <Black>(трубка с ЖК диспл., База, VoIP);IP-0000864
D-Link <DPH-120SE / F1С>VoIP Phone (1UTP 100 Mbps, 1WAN);IP-0000865
D-Link <DPH-120SE / F2B>VoIP Phone (1UTP 100 Mbps, 1WAN);IP-0000866
D-Link <DPH-150SE / F5B>Vo (1UTP 100 Mbps, 1WAN);IP-0000867
D-Link <DPH-200SE / F1A>PoE Vo (2UTP 100 Mbps);IP-0000868
D-Link <DPH-400GE / F2B>PoE Vo;IP-0000869
Fanvil <X1S>;IP-0000870
Fanvil <X3S>;IP-0000871
Fanvil <X3SG>;IP-0000872
Fanvil <X3SP>;IP-0000873
Fanvil <X4>;IP-0000874
Grandstream <GRP2615 >;IP-0000875
Grandstream <GXP-1620>;IP-0000876
Grandstream <GXP-1630>;IP-0000877
Grandstream <GXP-2135>;IP-0000878
Grandstream <GXP1615>;IP-0000879
Grandstream <GXP1625>;IP-0000880
Grandstream <WP810 >;IP-0000881
Grandstream GXP-15390;IP-0000882
Grandstream GXP-15920;IP-0000883
Panasonic KX-HDV100RU <White>S;IP-0000884
Panasonic KX-HDV100RU-B <Black>S;IP-0000885
Panasonic KX-HDV430RU <White>S;IP-0000886
Panasonic KX-HDV430RUB <Black>S;IP-0000887
Panasonic KX-UDT111RU S;IP-0000888
Yealink <CP920>HD IP Conference Phone;IP-0000889
Yealink <SIP-T30>S;IP-0000890
Yealink <SIP-T30P>S;IP-0000891
Yealink <SIP-T31G>S;IP-0000892
Yealink <SIP-T31P>S;IP-0000893
Yealink <SIP-T43U>S;IP-0000894
Yealink <SIP-T48U>S;IP-0000895
Gigaset AS690IP <Black>(трубка с ЖК диспл., База, VoIP);IP-0000896
D-Link <DPH-120SE / F1С>VoIP Phone (1UTP 100 Mbps, 1WAN);IP-0000897
D-Link <DPH-120SE / F2B>VoIP Phone (1UTP 100 Mbps, 1WAN);IP-0000898
D-Link <DPH-150SE / F5B>Vo (1UTP 100 Mbps, 1WAN);IP-0000899
D-Link <DPH-200SE / F1A>PoE Vo (2UTP 100 Mbps);IP-0000900
D-Link <DPH-400GE / F2B>PoE Vo;IP-0000901
Fanvil <X1S>;IP-0000902
Fanvil <X3S>;IP-0000903
Fanvil <X3SG>;IP-0000904
Fanvil <X3SP>;IP-0000905
Fanvil <X4>;IP-0000906
Grandstream <GRP2615 >;IP-0000907
Grandstream <GXP-1620>;IP-0000908
Grandstream <GXP-1630>;IP-0000909
Grandstream <GXP-2135>;IP-0000910
Grandstream <GXP1615>;IP-0000911
Grandstream <GXP1625>;IP-0000912
Grandstream <WP810 >;IP-0000913
Grandstream GXP-16450;IP-0000914
Grandstream GXP-16980;IP-0000915
Panasonic KX-HDV100RU <White>S;IP-0000916
Panasonic KX-HDV100RU-B <Black>S;IP-0000917
Panasonic KX-HDV430RU <White>S;IP-0000918
Panasonic KX-HDV430RUB <Black>S;IP-0000919
Panasonic KX-UDT111RU S;IP-0000920
Yealink <CP920>HD IP Conference Phone;IP-0000921
Yealink <SIP-T30>S;IP-0000922
Yealink <SIP-T30P>S;IP-0000923
Yealink <SIP-T31G>S;IP-0000924
Yealink <SIP-T31P>S;IP-0000925
Yealink <SIP-T43U>S;IP-0000926
Yealink <SIP-T48U>S;IP-0000927
Gigaset AS690IP <Black>(трубка с ЖК диспл., База, VoIP);IP-0000928
D-Link <DPH-120SE / F1С>VoIP Phone (1UTP 100 Mbps, 1WAN);IP-0000929
D-Link <DPH-120SE / F2B>VoIP Phone (1UTP 100 Mbps, 1WAN);IP-0000930
D-Link <DPH-150SE / F5B>Vo (1UTP 100 Mbps, 1WAN);IP-0000931
D-Link <DPH-200SE / F1A>PoE Vo (2UTP 100 Mbps);IP-0000932
D-Link <DPH-400GE / F2B>PoE Vo;IP-0000933
Fanvil <X1S>;IP-0000934
Fanvil <X3S>;IP-0000935
Fanvil <X3SG>;IP-0000936
Fanvil <X3SP>;IP-0000937
Fanvil <X4>;IP-0000938
Grandstream <GRP2615 >;IP-0000939
Grandstream <GXP-1620>;IP-0000940
Grandstream <GXP-1630>;IP-0000941
Grandstream <GXP-2135>;IP-0000942
Grandstream <GXP1615>;IP-0000943
Grandstream <GXP1625>;IP-0000944
Grandstream <WP810 >;IP-0000945
Grandstream GXP-16450;IP-0000946
Grandstream GXP-16980;IP-0000947
Panasonic KX-HDV100RU <White>S;IP-0000948
Panasonic KX-HDV100RU-B <Black>S;IP-0000949
Panasonic KX-HDV430RU <White>S;IP-0000950
Panasonic KX-HDV430RUB <Black>S;IP-0000951
Panasonic KX-UDT111RU S;IP-0000952
Yealink <CP920>HD IP Conference Phone;IP-0000953
Yealink <SIP-T30>S;IP-0000954
Yealink <SIP-T30P>S;IP-0000955
Yealink <SIP-T31G>S;IP-0000956
Yealink <SIP-T31P>S;IP-0000957
Yealink <SIP-T43U>S;IP-0000958
Yealink <SIP-T48U>S;IP-0000959
Gigaset AS690IP <Black>(трубка с ЖК диспл., База, VoIP);IP-0000960
D-Link <DPH-120SE / F1С>VoIP Phone (1UTP 100 Mbps, 1WAN);IP-0000961
D-Link <DPH-120SE / F2B>VoIP Phone (1UTP 100 Mbps, 1WAN);IP-0000962
D-Link <DPH-150SE / F5B>Vo (1UTP 100 Mbps, 1WAN);IP-0000963
D-Link <DPH-200SE / F1A>PoE Vo (2UTP 100 Mbps);IP-0000964
D-Link <DPH-400GE / F2B>PoE Vo;IP-0000965
Fanvil <X1S>;IP-0000966
Fanvil <X3S>;IP-0000967
Fanvil <X3SG>;IP-0000968
Fanvil <X3SP>;IP-0000969
Fanvil <X4>;IP-0000970
Grandstream <GRP2615 >;IP-0000971
Grandstream <GXP-1620>;IP-0000972
Grandstream <GXP-1630>;IP-0000973
Grandstream <GXP-2135>;IP-0000974
Grandstream <GXP1615>;IP-0000975
Grandstream <GXP1625>;IP-0000976
Grandstream <WP810 >;IP-0000977
Grandstream GXP-17510;IP-0000978
Grandstream GXP-18040;IP-0000979
Panasonic KX-HDV100RU <White>S;IP-0000980
Panasonic KX-HDV100RU-B <Black>S;IP-0000981
Panasonic KX-HDV430RU <White>S;IP-0000982
Panasonic KX-HDV430RUB <Black>S;IP-0000983
Panasonic KX-UDT111RU S;IP-0000984
Yealink <CP920>HD IP Conference Phone;IP-0000985
Yealink <SIP-T30>S;IP-0000986
Yealink <SIP-T30P>S;IP-0000987
Yealink <SIP-T31G>S;IP-0000988
Yealink <SIP-T31P>S;IP-0000989
Yealink <SIP-T43U>S;IP-0000990
Yealink <SIP-T48U>S;IP-0000991
Gigaset AS690IP <Black>(трубка с ЖК диспл., База, VoIP);IP-0000992
D-Link <DPH-120SE / F1С>VoIP Phone (1UTP 100 Mbps, 1WAN);IP-0000993
D-Link <DPH-120SE / F2B>VoIP Phone (1UTP 100 Mbps, 1WAN);IP-0000994
D-Link <DPH-150SE / F5B>Vo (1UTP 100 Mbps, 1WAN);IP-0000995
D-Link <DPH-200SE / F1A>PoE Vo (2UTP 100 Mbps);IP-0000996
D-Link <DPH-400GE / F2B>PoE Vo;IP-0000997
Fanvil <X1S>;IP-0000998
Fanvil <X3S>;IP-0000999
Fanvil <X3SG>;IP-0001000
